CDR3(pep),V,VRefBegin,VRefEnd,VReadBegin,VReadEnd,D,DRefBegin,DRefEnd,DReadBegin,DReadEnd,J,JRefBegin,JRefEnd,JReadBegin,JReadEnd,C,CRefBegin,CRefEnd,CReadBegin,CReadEnd,joinedSeq,CDR3(nuc),copy
ASTFRQGANTEVF,mTRBV13-3*01,96,280,4,188,mTRBD1*01,2,9,194,201,mTRBJ1-1*01,0,48,203,251,mTRBC2*03,0,31,251,282,ctcttactggtatcggcaggACACGGGGCATGGGCTGAGGCTGATCCATTACTCATATGTCGCTGACAGCACGGAGAAAGGAGATATCCCTGATGGGTACAAGGCCTCCAGACCAAGCCAAGAGAATTTCTCTCTCATTCTGGAGTTGGCTTCCCTTTCTCAGACAGCTGTATATTTCTGTGCCAGCACCTTCCGACAGGGTGCAAACACAGAAGTCTTCTTTGGTAAAGGAACCAGACTCACAGttgtagaggatctgagaaatgtgactccacccaaggt,GCCAGCACCTTCCGACAGGGTGCAAACACAGAAGTCTTC,13
ASSDGWATGQLY,mTRBV13-3*01,97,286,2,191,mTRBD2*01,4,9,192,197,mTRBJ2-2*01,4,51,198,245,mTRBC2*03,0,31,245,276,ggactggtatcggcaggACACGGGGCATGGGCTGAGGCTGATCCATTACTCATATGTCGCTGACAGCACGGAGAAAGGAGATATCCCTGATGGGTACAAGGCCTCCAGACCAAGCCAAGAGAATTTCTCTCTCATTCTGGAGTTGGCTTCCCTTTCTCAGACAGCTGTATATTTCTGTGCCAGCAGTGATGGCTGGGCCACCGGGCAGCTCTACTTTGGTGAAGGCTCAAAGCTGACAGTGCTGGAGGATCTGAGAAATGTGACTCCACCCAAGGTtggacggtga,GCCAGCAGTGATGGCTGGGCCACCGGGCAGCTCTAC,9
ASSLRDWGVAEQF,mTRBV12-2*01,98,285,3,190,mTRBD2*01,0,12,191,203,mTRBJ2-1*01,7,50,205,248,mTRBC2*03,0,31,248,279,gatctgggatcaacagactcaggGGCAGGAACTAAAGTTCTTCATTCAGCATTATGATAAAATGGAGAGAGATAAAGGAAACCTGCCCAGCAGATTCTCAGTCCAACAGTTTGATGACTATCACTCTGAGATGAACATGAGTGCCTTGGAGCTAGAGGACTCTGCCGTGTACTTCTGTGCCAGCTCTCTCCGGGACTGGGGGGTAGCTGAGCAGTTCTTCGGACCAGGGACACGACTCACCGTCCTAGAGGATCTGAGAAATGTGACTCCACCCAAGGTtgg,GCCAGCTCTCTCCGGGACTGGGGGGTAGCTGAGCAGTTC,19
ASSDAGTGNSDYT,mTRBV13-1*02,96,286,3,193,mTRBD1*01,0,9,195,204,mTRBJ1-2*01,2,48,204,250,mTRBC2*03,0,31,250,281,tgttactggtatcggcaggACACTGGGCATGGGCTGAGGCTGATCCATTACTCATATGGTGCTGGCAACCTTCAAATAGGAGATGTCCCTGATGGGTACAAGGCCACCAGAACAACGCAAGAAGACTTCTTCCTCCTGCTGGAATTGGCTTCTCCCTCTCAGACATCTTTGTACTTCTGTGccagcagtgatgcagggacagggaactccgactacaccttcggctcagggaccaggcttttggtaatagaggatctgagaaatgtgactccacccaaggt,Gccagcagtgatgcagggacagggaactccgactacacc,12
ASSWTGGGSYEQY,mTRBV12-2*02,111,282,0,171,mTRBD2*01,1,13,172,184,mTRBJ2-7*01,0,47,185,232,mTRBC2*03,0,31,232,263,actcaggGGCAGGAACTAAAGTTCTTCATTCAGCATTATGATAAAATGGAGAGAGATAAAGGAAACCTGCCCAGCAGATTCTCAGTCCAACAGTTTGATGACTATCACTCTGAGATGAACATGAGTGCCTTGGAGCTAGAGGACTCTGCCGTGTACTTCTGTGCCAGCTCTTGGACTGGGGGGGGCTCCTATGAACAGTACTTCGGTCCCGGCACCAGGCTCACGGTTTTAGAGGATCTGAGAAATGTGACTCcacccaaggt,GCCAGCTCTTGGACTGGGGGGGGCTCCTATGAACAGTAC,1
ASSDVGGQNSDYT,mTRBV13-3*01,96,286,1,191,mTRBD1*01,0,7,195,202,mTRBJ1-2*01,2,48,202,248,mTRBC2*03,0,31,248,279,atactggtatcggcaggACACGGGGCATGGGCTGAGGCTGATCCATTACTCATATGTCGCTGACAGCACGGAGAAAGGAGATATCCCTGATGGGTACAAGGCCTCCAGACCAAGCCAAGAGAATTTCTCTCTCATTCTGGAGTTGGCTTCCCTTTCTCAGACAGCTGTATATTTCTGTGCCAGCAGTGATGTAGGGGGACAGAACTCCGACTACACcttcggctcagggaccaggcttttggtaatagaggatctgagaaatgtgactccacccaaggt,GCCAGCAGTGATGTAGGGGGACAGAACTCCGACTACACc,10
ASSPGTGNSDYT,mTRBV12-2*01,102,283,14,195,mTRBD1*01,0,9,197,206,mTRBJ1-2*01,2,48,206,252,mTRBC2*03,0,31,252,283,ctcttccgatctaatatcaacagactcaggGGCAGGAACTAAAGTTCTTCATTCAGCATTATGATAAAATGGAGAGAGATAAAGGAAACCTGCCCAGCAGATTCTCAGTCCAACAGTTTGATGACTATCACTCTGAGATGAACATGAGTGCCTTGGAGCTAGAGGACTCTGCCGTGTACTTCTGTGCCAGCTCTCCCGGGACAGGGAACTCCGACTACACCTTCGGCTCAGGGACcaggcttttggtaatagaggatctgagaaatgtgactccacccaaggt,GCCAGCTCTCCCGGGACAGGGAACTCCGACTACACC,14
ASSDNSNTEVF,mTRBV13-1*02,96,285,11,200,-,-,-,-,-,mTRBJ1-1*01,0,48,204,252,mTRBC2*03,0,31,252,283,ttccgatcttttactggtatcggcaggACACTGGGCATGGGCTGAGGCTGATCCATTACTCATATGGTGCTGGCAACCTTCAAATAGGAGATGTCCCTGATGGGTACAAGGCCACCAGAACAACGCAAGAAGACTTCTTCCTCCTGCTGGAATTGGCTTCTCCCTCTCAGACATCTTTGTACTTCTGTGCCAGCAGTGATAACTCAAACACAGAAGTCTTCTTTGGTAAAGGAACCAGACTCACAGTTGTagaggatctgagaaatgtgactccacccaaggt,GCCAGCAGTGATAACTCAAACACAGAAGTCTTC,13
ASSDHTNTEVF,mTRBV13-1*02,112,285,0,173,-,-,-,-,-,mTRBJ1-1*01,2,48,179,225,mTRBC2*03,0,31,297,328,acactgggcatgggctgaggctgatccattactcatatggtgctggcaacctTCAAATAGGAGATGTCCCTGATGGGTACAAGGCCACCAGAACAACGCAAGAAGACTTCTTCCTCCTGCTGGAATTGGCTTCTCCCTCTCAGACATCTTTGTACTTCTGTGCCAGCAGTGATCACACCAACACAGAAGTCTTCTTTGGTAAAGGAACCAGACTCACAGTTGTAGGATTGCGGCTTTCCTATGcaagccaccacagctctcttacatctcagtgtaggagtgaatgtggaacatcagaggatctgagaaatgtgactccacccaaggt,GCCAGCAGTGATCACACCAACACAGAAGTCTTC,7
ASSGY,mTRBV19*03,98,282,30,214,-,-,-,-,-,mTRBJ2-7*01,12,47,216,251,mTRBC2*03,0,31,251,282,gacgggagttcagacgtgtgctcttccgatctggtaccgacaggattcagGGAAAGGATTGAGACTGATCTACTATTCAATAACTGAAAACGATCTTCAAAAAGGCGATCTATCTGAAGGCTATGATGCGTCTCGAGAGAAGAAGTCATCTTTTTCTCTCACTGTGACATCTGCCCAGAAGAACGAGATGGCCGTTTTTCTCTGTGCCAGCAGTGGGTACTTCGGTCCCGGCACCAGGCTCACGGTTTTAGAGGATCTGAGAAATGTGACTCCACCCAAGGTtggacggtggaa,GCCAGCAGTGGGTAC,67
ASSLRDRSYEQY,mTRBV14*01,103,284,12,193,-,-,-,-,-,mTRBJ2-7*01,1,47,206,252,mTRBC2*03,0,31,252,283,ttccgatctgaaatcagcagcccagagACCAGGGGCCCCAGCTTCTAGTTTACTTTCGGGATGAGGCTGTTATAGATAATTCACAGTCGCCCTCGGATCGATTTTCTGCTGTGAGGCCTAAAGGAACTAACTCCACTCTCAAGATCCAGTCTGCAAAGCAGGGCGACACAGCCACCTATCTCTGTGCCAGCAGCCTCCGGGATAGATCCTATGAACAGTACTTCGGTCCCGGCACCAGGCTCACGGttttagaggatctgagaaatgtgactccacccaaggt,GCCAGCAGCCTCCGGGATAGATCCTATGAACAGTAC,1
ASSLKGFERLF,mTRBV12-2*01,102,285,17,200,mTRBD1*01,5,10,201,206,mTRBJ1-4*02,7,51,208,252,mTRBC2*03,0,31,252,283,gtgctcttccgatctgctatcaacagactcaggGGCAGGAACTAAAGTTCTTCATTCAGCATTATGATAAAATGGAGAGAGATAAAGGAAACCTGCCCAGCAGATTCTCAGTCCAACAGTTTGATGACTATCACTCTGAGATGAACATGAGTGCCTTGGAGCTAGAGGACTCTGCCGTGTACTTCTGTGCCAGCTCTCTCAAGGGGTTCGAAAGATTATTTTTCGGTCATGGAaccaagctgtctgtcctggaggatctgagaaatgtgactccacccaaggt,GCCAGCTCTCTCAAGGGGTTCGAAAGATTATTT,18
ASTNKTSAETLY,mTRBV13-3*01,97,280,9,192,-,-,-,-,-,mTRBJ2-3*01,0,49,203,252,mTRBC2*03,0,31,252,283,cgatcttagactggtatcggcaggACACGGGGCATGGGCTGAGGCTGATCCATTACTCATATGTCGCTGACAGCACGGAGAAAGGAGATATCCCTGATGGGTACAAGGCCTCCAGACCAAGCCAAGAGAATTTCTCTCTCATTCTGGAGTCGGCTTCCCTTTCTCAGACAGCTGTATATTTCTGTGCCAGCACCAACAAAACTAGTGCAGAAACGCtgtattttggctcaggaaccagactgactgttctcgaggatctgagaaatgtgactccacccaaggt,GCCAGCACCAACAAAACTAGTGCAGAAACGCtgtat,1
ASSPGLGDTLY,mTRBV5*04,102,280,20,198,mTRBD2*01,1,11,200,210,mTRBJ2-4*01,7,49,210,252,mTRBC2*03,0,31,252,283,gtgtgctcttccgatctcacaaacagagcgctgagAAGCCGCCAGAGCTCATGTTTCTCTACAATCTTAAACAGTTGATTCGAAATGAGACGGTGCCCAGTCGTTTTATACCTGAATGCCCAGACAGCTCCAAGCTACTTTTACATATATCTGCCGTGGATCCAGAAGACTCAGCTGTCTATTTTTGTGCCAGCAGCCCCGGACTGGGGGACACCTTGTACTTTGGTGCGGGCACCCGACTATCGGTGCTAGAGGATCTGAGAAATGTGACTCCACCCAAGGTtggacggtgagatcttaga,GCCAGCAGCCCCGGACTGGGGGACACCTTGTAC,8
ASSSDVGNTLY,mTRBV4*01,105,283,20,198,mTRBD2*01,5,10,204,209,mTRBJ2-4*01,6,49,209,252,mTRBC2*03,0,31,252,283,cgtgtgctcttccgatctataagcaagactctaagaAATTGCTGAAGATTATGTTTAGCTACAATAATAAGCAACTCATTGTAAACGAAACAGTTCCAAGGCGCTTCTCACCTCAGTCTTCAGATAAAGCTCATTTGAATCTTCGAATCAAGTCTGTAGAGCCGGAGGACTCTGCTGTGTATCTCTGTGCCAGCAGCTCGGACGTGGGGAACACCTTGTACTTTGGTGCGGGCACCCGACTATCGGTGCTAGAGGATCTGAGAAATGTGACTccacccaaggt,GCCAGCAGCTCGGACGTGGGGAACACCTTGTAC,1
ASSQALGDEQY,mTRBV5*01,102,283,3,184,mTRBD2*01,5,11,187,193,mTRBJ2-7*01,5,47,193,235,mTRBC2*03,0,31,235,266,tgaaaacagagcgctgagAAGCCGCCAGAGCTCATGTTTCTCTACAATCTTAAACAGTTGATTCGAAATGAGACGGTGCCCAGTCGTTTTATACCTGAATGCCCAGACAGCTCCAAGCTACTTTTACATATATCTGCCGTGGATCCAGAAGACTCAGCTGTCTATTTTTGTGCCAGCAGCCAagcattgggggatgaacagtacttcggtcccggcaccaggctcacggttttagaggatctgagaaatgtgactccacccaaggt,GCCAGCAGCCAagcattgggggatgaacagtac,8
TCSAGSSAETLY,mTRBV1*01,105,286,17,198,-,-,-,-,-,mTRBJ2-3*01,0,49,203,252,mTRBC2*03,0,31,252,283,gtgctcttccgatcttctatcagcaggatctccAAAAGCAACTACAGTGGCTGTTCACTCTGCGGAGTCCTGGGGACAAAGAGGTCAAATCTCTTCCCGGTGCTGATTACCTGGCCACACGGGTCACTGATACGGAGCTGAGGCTGCAAGTGGCCAACATGAGCCAGGGCAGAACCTTGTACTGCACCTGCAGTGCAGGATCTAGTGCAGAAACGCTGTATTTTGGCTCAGGAACCAGACTGACTGTTCTCGAGGATCTGAGAAATGTGACTCCACCCAAGGTtggacggtagctactattaga,ACCTGCAGTGCAGGATCTAGTGCAGAAACGCTGTAT,6
ASSSGTANTEVF,mTRBV19*01,102,283,14,195,mTRBD1*01,0,7,197,204,mTRBJ1-1*01,0,48,204,252,mTRBC2*03,0,31,252,283,ctcttccgatctgctaccgacaggattcagGGAAAGGATTGAGACTGATCTACTATTCAATAACTGAAAACGATCTTCAAAAAGGCGATCTATCTGAAGGCTATGATGCGTCTCGAGAGAAGAAGTCATCTTTTTCTCTCACTGTGACATCTGCCCAGAAGAACGAGATGGCCGTTTTTCTCTGTGCCAGCAGTAGCGGGACAGCAAACACAGAAGTCTTCTTTGGTAAAGGAACCAGACTCACAGTTGTAGAGGATCTGAGaaatgtgactccacccaaggt,GCCAGCAGTAGCGGGACAGCAAACACAGAAGTCTTC,9
AWSLSRATGGKHRSLLW*RNQTHSCR*DIFQVNFQVSLRTKHVLRVHIRVSVF*CANSDYT,mTRBV31*01,121,284,0,163,mTRBD1*01,3,12,173,182,mTRBJ1-2*01,0,48,318,366,mTRBC2*03,0,31,366,397,gaggcaccctccagcaactcttctactctattactgttggccaggtagagtcggtggtgcaactgaacctctcagcttccaggccgaaggacgaccaattcatcctaagcacggAGAAGCTGCTTCTCAGCCACTCTGGCTTCTACCTCTGTGCCTGGAGTCTATCCCGGGCtacagggggcaaacacagaagtcttctttggtaaaggaaccagactcacagttgtaggtaagatatctttcaggtaaatttccaggtctctcttcggacaaagcatgtcctccgtgtccatattcgagtatctgtattctgatgtgcaaactccgactacaccttcggctcagggaccaggcttttggtaatagaggatctgagaaatgtgactccacccaaggt,GCCTGGAGTCTATCCCGGGCtacagggggcaaacacagaagtcttctttggtaaaggaaccagactcacagttgtaggtaagatatctttcaggtaaatttccaggtctctcttcggacaaagcatgtcctccgtgtccatattcgagtatctgtattctgatgtgcaaactccgactacacc,4
ASSDPKYNNQAPL,mTRBV13-3*01,97,285,6,194,-,-,-,-,-,mTRBJ1-5*01,0,50,202,252,mTRBC2*03,0,31,252,283,tcttagactggtatcggcaggACACGGGGCATGGGCTGAGGCTGATCCATTACTCACATGTCGCTGACAGCACGGAGAAAGGAGATATCCCTGATGGGTACAAGGCCTCCAGACCAAGCCAAGAGAATTTCTCTCTCATTCTGGAGTTGGCTTCCCTTTCTCAGACAGCTGTATATTTCTGTGCCAGCAGTGATCCCAAATATAACAACCAGGCTCCGCtttttggagaggggactcgactctctgttctagaggatctgagaaatgtgactccacccaaggt,GCCAGCAGTGATCCCAAATATAACAACCAGGCTCCGCtt,2
ASSLETGGFNERLF,mTRBV16*01,97,290,0,193,mTRBD1*01,3,12,194,203,mTRBJ1-4*02,4,51,205,252,mTRBC2*03,0,31,252,283,tctggtacagacaGACCATTGTGCAGGGCCTGGAGTTCCTGACTTACTTTCGAAATCAAGCTCCTATAGATGATTCAGGGATGCCCAAGGAACGATTCTCAGCTCAGATGCCCAATCAGTCGCACTCAACTCTGAAGATCCAGAGCACGCAACCCCAGGACTCAGCGGTGTATCTTTGTGCAAGCAGCTTAGAAACAGGGGGCTTCAACGAAAGATTATTTTTCGGTCATGGAACCAAGCTGTCTGTCCTGGAGGATCTGAGAAATGTGACTCCAcccaaggt,GCAAGCAGCTTAGAAACAGGGGGCTTCAACGAAAGATTATTT,34
ASGDARQSQNTLY,mTRBV13-2*04,89,280,3,194,-,-,-,-,-,mTRBJ2-4*01,0,49,202,251,mTRBC2*03,0,31,251,282,ctggtactggtatcggcaggACACGGGGCATGGGCTGAGGCTGATCCATTATTCATATGGTGCTGGCAGCACTGAGAAAGGAGATATCCCTGATGGATACAAGGCCTCCAGACCAAGCCAAGAGAACTTCTCCCTCATTCTGGAGTTGGCTACCCCCTCTCAGACATCAGTGTACTTCTGTGCCAGCGGTGATGCAAGGCAGAGTCAAAACACCTTGTACTTTGGTGCGGGCACCCGACTATCGGTGCTAGAGGATCTGAGAAATGTGACTCCACCCAAGGTtggacggtcacaaa,GCCAGCGGTGATGCAAGGCAGAGTCAAAACACCTTGTAC,24
ASSSPRDSYAEQF,mTRBV29*01,104,283,13,192,mTRBD1*01,0,7,198,205,mTRBJ2-1*01,3,50,205,252,mTRBC2*03,0,31,252,283,tcttccgatctactcgacaagaccctggtCTGGGGCTACAGCTGATTTATATCTCATACGATGTTGATAGTAACAGCGAAGGAGACATCCCTAAAGGATACAGGGTCTCACGGAAGAAGCGGGAGCATTTCTCCCTGATTCTGGATTCTGCTAAAACAAACCAGACATCTGTGTACTTCTGTGCTAGCAGTTCCCCCCGGGACAGCTATGCTGAGCAGTTCTTCGGACCAGGGACACGACTCACCGTCCTAGAGGATCTGAGAAATGTGACTCCACCcaaggt,GCTAGCAGTTCCCCCCGGGACAGCTATGCTGAGCAGTTC,5
ASSFRTGGQNTLY,mTRBV29*01,105,284,14,193,mTRBD2*01,1,10,195,204,mTRBJ2-4*01,1,49,204,252,mTRBC2*03,0,31,252,283,tcttccgatctttgcgacaagaccctggtCTGGGGCTACAGCTGATTTATATCTCATACGATGTTGATAGTAACAGCGAAGGAGACATCCCTAAAGGATACAGGGTCTCACGGAAGAAGCGGGAGCATTTCTCCCTGATTCTGGATTCTGCTAAAACAAACCAGACATCTGTGTACTTCTGTGCTAGCAGTTTCCGGACTGGGGGTCAAAACACCTTGTACTTTGGTGCGGGCACCCGACTATCGGTGCTAGAGGATCTGAGAAATGTGACTCCACCCAAGGTtggacggtcataaagac,GCTAGCAGTTTCCGGACTGGGGGTCAAAACACCTTGTAC,2
GARDRDRGRENTEVF,mTRBV20*01,106,293,0,187,mTRBD1*01,0,12,189,201,mTRBJ1-1*01,2,48,206,252,mTRBC2*03,0,31,252,283,atcgtcaatcgcctcAAAAGACATTTGAACTGATAGCACTTTCTACTGTGAACTCAGCAATCAAATATGAACAAAATTTTACCCAGGAAAAATTTCCCATCAGTCATCCCAACTTATCCTTTTCATCTATGACAGTTTTAAATGCATATCTTGAAGACAGAGGCTTATATCTCTGTGGTGCTAGGGACCGGGACAGGGGGCGCGAGAACACAGAAGTCTTCTTTGGTAAAGGAACCAGACTCACAGTTGTAGAGGATCTGAGAAATGTGACTCCACCCaaggt,GGTGCTAGGGACCGGGACAGGGGGCGCGAGAACACAGAAGTCTTC,6
ASSFAANSDYT,mTRBV3*01,105,287,17,199,-,-,-,-,-,mTRBJ1-2*01,0,48,204,252,mTRBC2*03,0,31,252,283,tgctcttccgatctgtgaaacagattttaggaCAGCAGATGGAGTTTCTGGTTAATTTCTACAATGGTAAAGTCATGGAGAAGTCTAAACTGTTTAAGGATCAGTTTTCAGTTGAAAGACCAGATGGTTCATATTTCACTCTGAAAATCCAACCCACAGCACTGGAGGACTCAGCTGTGTACTTCTGTGCCAGCAGCTTCGCAGCAAACTCCGACTACACCTTCGGCTCAGGGACCAGGCTTTTGGTAATAGAGGATCTGAGAAATGTGACTCCACCCAAGGTtggacggtggtaacgtatagatcggaagagc,GCCAGCAGCTTCGCAGCAAACTCCGACTACACC,4
TCSARTGGYERLF,mTRBV1*01,105,284,13,192,mTRBD1*01,1,12,194,205,mTRBJ1-4*02,6,51,206,251,mTRBC2*03,0,31,251,282,tcttccgatctgttatcagcaggatctccAAAAGCAACTACAGTGGCTGTTCACTCTGCGGAGTCCTGGGGACAAAGAGGTCAAATCTCTTCCCGGTGCTGATTACCTGGCCACACGGGTCACTGATACGGAGCTGAGGCTGCAAGTGGCCAACATGAGCCAGGGCAGAACCTTGTACTGCACCTGCAGTGCCAGGACAGGGGGCTACGAAAGATTATTTTTCGGTCATGGAACCAAGCTGTCTGTCCTGGAGGATCTGAGAAATGTGACTCCACCCAAGGTtggacggttgaaagcatta,ACCTGCAGTGCCAGGACAGGGGGCTACGAAAGATTATTT,1
ASGDALGGETLY,mTRBV13-2*04,91,280,9,198,mTRBD2*01,3,12,199,208,mTRBJ2-3*01,5,49,208,252,mTRBC2*03,0,31,252,283,cgatctatgactggtatcggcaggACACGGGGCATGGGCTGAGGCTGATCCATTATTCATATGGTGCTGGCAGCACTGAGAAAGGAGATATCCCTGATGGATACAAGGCCTCCAGACCAAGCCAAGAGAACTTCTCCCTCATTCTGGAGTTGGCTACCCCCTCTCAGACATCAGTGTACTTCTGTGCCAGCGGTGATGCACTGGGGGGAGAAACGCTGTATTTTGGCTCAGGAACCAGACTGACTGTTCTCGAGGATCTGAGAAATGTGACTCCACCCAAGGTtggacggtcggttatcgaagatcg,GCCAGCGGTGATGCACTGGGGGGAGAAACGCTGTAT,12
ASSMQGGQY,mTRBV19*01,102,284,23,205,mTRBD2*01,6,13,208,215,mTRBJ2-7*01,10,47,215,252,mTRBC2*03,0,31,252,283,agacgtgtgctcttccgatctattaccgacaggattcagGGAAAGGATTGAGACTGATCTACTATTCAATAACTGAAAACGATCTTCAAAAAGGCGATCTATCTGAAGGCTATGATGCGTCTCGAGAGAAGAAGTCATCTTTTTCTCTCACTGTGACATCTGCCCAGAAGAACGAGATGGCCGTTTTTCTCTGTGCCAGCAGTATGCAGGGGGGGCAGTACTTCGGTCCCGGCACCAGGCTCACGGTTTTAGAGGATCTGAGAAATgtgactccacccaaggt,GCCAGCAGTATGCAGGGGGGGCAGTAC,2
ASSQVWGGPNYAEQF,mTRBV2*01,104,286,7,189,mTRBD2*01,5,13,191,199,mTRBJ2-1*01,0,50,202,252,mTRBC2*03,0,31,252,283,gatctgttagacaaagtgctaagAAGCCTCTAGAGTTCATGTTTTCCTACAGCTATCAAAAACTTATGGACAATCAGACTGCCTCAAGTCGCTTCCAACCTCAAAGTTCAAAGAAAAACCATTTAGACCTTCAGATCACAGCTCTAAAGCCTGATGACTCGGCCACATACTTCTGTGCCAGCAGCCAagtttggggggggcctaactatgctgagcagttcttcggaccagggacacgactcaccgtcctagaggatctgagaaatgtgactccacccaaggt,GCCAGCAGCCAagtttggggggggcctaactatgctgagcagttc,7
ASSVGQGITEVF,mTRBV13-3*01,112,283,0,171,mTRBD1*01,0,9,172,181,mTRBJ1-1*01,4,48,184,228,mTRBC2*03,0,31,300,331,acacggggcatgggctgaggctgatccattacccatatgtcgctgacagcacggagaaaggagatatccctgatgggtacaaggcctccagaccaagccaagagaatttctctctcattctggagttggcttccctttctcggacagctgtatatttctgtgccagcagtgtgggacagggtatcacagaagtcttctttggtaaaggaaccagactcacagttgtaggattgcggctttcctATGCAAGCCACCACAGctctcttacatctcagtgtaggagtgaatgtggaacatcagaggatctgagaaatgtgactccacccaaggt,gccagcagtgtgggacagggtatcacagaagtcttc,1
ASSLEGWAETLY,mTRBV15*01,110,287,0,177,mTRBD1*01,5,10,179,184,mTRBJ2-3*01,3,49,187,233,mTRBC2*03,0,31,233,264,gaccaagatacagggactagagttgctgagctacttccgcagcaagtctcttatggaagatggtggggctttcaaggatcgattcaaagctgagatgctaaattcatccttctccactctgaagattcaacctacagaacccaaggactcagctgtgtatctgtgtgccagcagTTTGGAGGGGTGGGCAGAAACGCTGTATTTTGGCTCAGGAACCAGACTGACTGTTCTCGAGGATCTGAGAAATGTGACTCCACCCAAGGTtggacggtattagtccaa,gccagcagTTTGGAGGGGTGGGCAGAAACGCTGTAT,1
ASSSTSADTEVF,mTRBV4*01,106,283,18,195,-,-,-,-,-,mTRBJ1-1*01,3,48,207,252,mTRBC2*03,0,31,252,283,gtgctcttccgatctgatagcaagactctaagaAATTGCTGAAGATTATGTTTAGCTACAATAATAAGCAACTCATTGTAAACGAAACAGTTCCAAGGCGCTTCTCACCTCAGTCTTCAGATAAAGCTCATTTGAATCTTCGAATCAAGTCTGTGGAGCCGGAGGACTCTGCTGTGTATCTCTGTGCCAGCAGCTCGACGTCTGCAGACACAGAAGTCTTCTTTGGTAAAGGAACCAGACTCACAGTTGTAGAGgatctgagaaatgtgactccacccaaggt,GCCAGCAGCTCGACGTCTGCAGACACAGAAGTCTTC,1
ASSLDTGRSAETLY,mTRBV16*01,97,290,0,193,mTRBD2*01,9,14,196,201,mTRBJ2-3*01,0,49,203,252,mTRBC2*03,0,31,252,283,tctggtacagacaGACCATTGTGCAGGGCCTGGAGTTCCTGACTTACTTTCGAAATCAAGCTCCTATAGATGATTCAGGGATGCCCAAGGAACGATTCTCAGCTCAGATGCCCAATCAGTCGCACTCAACTCTGAAGATCCAGAGCACGCAACCCCAGGACTCAGCGGTGTATCTTTGTGCAAGCAGCTTAGATACGGGGCGTAGTGCAGAAACGCTGTATTTTGGCTCAGGAACCAGACTGACTGTTCTCGAGGATCTGAGAAATGTGACTCCACCCAAGGTtggacggtgcta,GCAAGCAGCTTAGATACGGGGCGTAGTGCAGAAACGCTGTAT,6
ASSWTGANTEVF,mTRBV4*01,105,283,16,194,mTRBD1*01,1,10,194,203,mTRBJ1-1*01,0,48,203,251,mTRBC2*03,0,31,251,282,tgctcttccgatctcgaagcaagactctaagaAATTGCTGAAGATTATGTTTAGCTACAATAATAAGCAACTCATTGTAAACGAAACAGTTCCAAGGCGCTTCTCACCTCAGTCTTCAGATAAAGCTCATTTGAATCTTCGAATCAAGTCTGTAGAGCCGGAGGACTCTGCTGTGTATCTCTGTGCCAGCAGCTGGACAGGGGCAAACACAGAAGTCTTCTTTGGTAAAGGAACCAGACTCACAGTTGTAGAGGATCTGAGAAATgtgactccacccaaggt,GCCAGCAGCTGGACAGGGGCAAACACAGAAGTCTTC,31
ASSFAGDSDYT,mTRBV3*01,104,287,16,199,mTRBD1*01,4,10,201,207,mTRBJ1-2*01,3,48,207,252,mTRBC2*03,0,31,252,283,tgctcttccgatctcctaaacagattttaggaCAGCAGATGGAGTTTCTGGTTAATTTCTACAATGGTAAAGTCATGGAGAAGTCTAAACTGTTTAAGGATCAGTTTTCAGTTGAAAGACCAGATGGTTCATATTTCACTCTGAAAATCCAACCCACAGCACTGGAGGACTCAGCTGTGTACTTCTGTGCCAGCAGCTTTGCAGGGGACTCCGACTACACCTTCGGCTCAGGGACCAGGCTTTTGGTAATAGAGGATCTGAGAAATGTGACTCCACCCAAGGTtggacggtcc,GCCAGCAGCTTTGCAGGGGACTCCGACTACACC,2
ASSIRTGGDTQY,mTRBV19*01,101,285,13,197,mTRBD2*01,1,11,198,208,mTRBJ2-5*01,5,49,208,252,mTRBC2*03,0,31,252,283,ctcttccgatcttgtaccgacaggattcagGGAAAGGATTGAGACTGATCTACTATTCAATAACTGAAAACGATCTTCAAAAAGGCGATCTATCTGAAGGCTATGATGCGTCTCGAGAGAAGAAGTCATCTTTTTCTCTCACTGTGACATCTGCCCAGAAGAACGAGATGGCCGTTTTTCTCTGTGCCAGCAGTATAAGGACTGGGGGAGACACCCAGTACTTTGGGCCAGGCACTCGGCTCCTCGTGTtagaggatctgagaaatgtgactccacccaaggt,GCCAGCAGTATAAGGACTGGGGGAGACACCCAGTAC,5
ASSWGNNNQAPL,mTRBV19*03,98,282,10,194,mTRBD2*01,5,10,194,199,mTRBJ1-5*01,0,50,202,252,mTRBC2*03,0,31,252,283,ctcttccgatctggtaccgacaggattcagGGAAAGGATTGAGACTGATCTACTATTCAATAACTGAAAACGATCTTCAAAAAGGCGATCTATCTGAAGGCTATGATGCGTCTCGAGAGAAGAAGTCATCTTTTTCTCTCACTGTGACATCTGCCCAGAAGAACGAGATGGCCGTTTTTCTCTGTGCCAGCAGTTGGGGAAATAACAACCAGGCTCCGCTTTTTGGAGAGGGGACTCGACTTTCTGTTCTAGAGGATCTGAGAAATGTGACTCCACCCAAGGTtggacggtcagtgatccgagatcggaagag,GCCAGCAGTTGGGGAAATAACAACCAGGCTCCGCTT,14
ASSPDWGGNYAEQF,mTRBV4*01,106,282,12,188,mTRBD2*01,1,13,190,202,mTRBJ2-1*01,0,50,202,252,mTRBC2*03,0,31,252,283,ttccgatcttcgagcaagactctaagaAATTGCTGAAGATTATGTTTAGCTACAATAATAAGCAACTCATTGTAAACGAAACAGTTCCAAGGCGCTTCTCACCTCAGTCTTCAGATAAAGCTCATTTGAATCTTCGAATCAAGTCTGTAGAGCCGGAGGACTCTGCTGTGTATCTCTGTGCCAGCAGCCCGGACTGGGGGGGTAACTATGCTGAGCAGTTCTTCGGACCAGGGACACGACTCACCGTCCTAGAGGATCTGAGAAATGTGACCCCACCCAAGGTtggacggttgttcgaactagatcggaa,GCCAGCAGCCCGGACTGGGGGGGTAACTATGCTGAGCAGTTC,2
ASSSTGKNTEVF,mTRBV4*01,106,283,8,185,mTRBD1*01,2,9,186,193,mTRBJ1-1*01,1,48,195,242,mTRBC2*03,0,31,242,273,gatctaggagcaagactctaagaAATTGCTGAAGATTATGTTTAGCTACAATAATAAGCAACTCATTGTAAACGAAACAGTTCCAAGGCGCTTCTCACCTCAGTCTTCAGATAAAGCTCATTTGAATCTTCGAATCAAGTCTGTAGAGCCGGAGGACTCTGCTGTGTATCTCTGTGCCAGCAGCTCGACAGGGAAAAACACAGAAGTCTTCTTTGGTAAAGGAACCAGACTCACAGTTGTAGAGGATCTGAGAAATGTGACTCCACCCAAGGTtggacggtattagcgtcaagatcggaagagcgt,GCCAGCAGCTCGACAGGGAAAAACACAGAAGTCTTC,2
ASSQDLGDTQY,mTRBV5*01,101,284,19,202,-,-,-,-,-,mTRBJ2-5*01,5,49,208,252,mTRBC2*03,0,31,252,283,gtgtgctcttccgatcttttaaacagagcgctgagAAGCCGCCAGAGCTCATGTTTCTCTACAATCTTAAACAGTTGATTCGAAATGAGACGGTGCCCAGTCGTTTTATACCTGAATGCCCAGACAGCTCCAAGCTACTTTTACAtatatctgccgtggatccagaagactcagctgtctatttttgtgccagcagccaagatcttggagacacccagtactttgggccaggcactcggctcctcgtgttagaggatctgagaaatgtgactccacccaaggt,gccagcagccaagatcttggagacacccagtac,11
ASSLTSNERLF,mTRBV5*04,102,280,20,198,-,-,-,-,-,mTRBJ1-4*02,2,51,203,252,mTRBC2*03,0,31,252,283,gtgtgctcttctgatctacgaaacagagcgctgagAAGCCGCCAGAGCTCATGTTTCTCTACAATCTTAAACAGTTGATTCGAAATGAgacggtgcccagtcgttttatacctgaatgcccagacagctccaagctacttttacatatatctgccgtggatccagaagactcagctgtctatttttgtgccagcagcctgacatccaacgaaagattatttttcggtcatggaaccaagctgtctgtcctggaggatctgagaaatgtgactccacccaaggt,gccagcagcctgacatccaacgaaagattattt,6
ASSYTGGNTEVF,mTRBV4*01,105,284,17,196,mTRBD1*01,3,11,197,205,mTRBJ1-1*01,1,48,205,252,mTRBC2*03,0,31,252,283,gtgctcttccgatctgaaagcaagactctaagaAATTGCTGAAGATTATGTTTAGCTACAATAATAAGCAACTCATTGTAAACGAAACAGTTCCAAGGCGCTTCTCACCTCAGTCTTCAGATAAAGCTCATTTGAATCTTCGAATCAAGTCTGTAGAGCCGGAGGACTCTGCTGTGTATCTCTGTGCCAGCAGCTATACAGGGGGAAACACAGAAGTCTTCTTTGGTAAAGGAACCAGACTCACAGTTGTAGAGGATCTGAGAAATGTGACTCCACCCAAggt,GCCAGCAGCTATACAGGGGGAAACACAGAAGTCTTC,3
ASSSGLGGDLY,mTRBV4*01,106,283,21,198,mTRBD2*01,0,12,199,211,mTRBJ2-4*01,15,49,218,252,mTRBC2*03,0,31,252,283,cgtgtgctcttccgatctttcagcaagactctaagaAATTGCTGAAGATTATGTTTAGCTACAATAATAAGCAACTCATTGTAAACGAAACAGTTCCAAGGCGCTTCTCACCTCAGTCTTCAGATAAAGCTCATTTGAATCTTCGAATCAAGTCTGTAGAGCCGGAGGACTCTGCTGTGTATCTCTGTGCCAGCAGCTCGGGACTGGGGGGTGACTTATACTTTGGTGCGGGCACCCGACTATCGGTGCTAGAGGATCTGAGAAATGTGACTCCACCCAAGGTtggacggtaatttgcaagagatcggaagagcgtcgt,GCCAGCAGCTCGGGACTGGGGGGTGACTTATAC,2
ASSRGMGQNTLY,mTRBV16*01,93,285,2,194,mTRBD1*01,5,10,194,199,mTRBJ2-4*01,1,49,204,252,mTRBC2*03,0,31,252,283,tggttttctggtacagacaGACCATTGTGCAGGGCCTGGAGTTCCTGACTTACTTTCGAAATCAAGCTCCTATAGATGATTCAGGGATGCCCAAGGAACGATTCTCAGCTCAGATGCCCAATCAGTCGCACTCAACTCTGAAGATCCAGAGCACGCAACCCCAGGACTCAGCGGTGTATCTTTGTGCAAGCAGCAGGGGAATGGGTCAAAACACCTTGTACTTTGGTGCGGGCACCCGACTATCGGTGCTAGAGGATCTGAGAAATGTGactccacccaaggt,GCAAGCAGCAGGGGAATGGGTCAAAACACCTTGTAC,19
ASSLDWGLSAETLY,mTRBV16*01,97,290,0,193,mTRBD2*01,5,10,194,199,mTRBJ2-3*01,0,49,203,252,mTRBC2*03,0,31,252,283,tctggtacagacaGACCATTGTGCAGGGCCTGGAGTTCCTGACTTACTTTCGAAATCAAGCTCCTATAGATGATTCAGGGATGCCCAAGGAACGATTCTCAGCTCAGATGCCCAATCAGTCGCACTCAACTCTGAAGATCCAGAGCACGCAACCCCAGGACTCAGCGGTGTATCTTTGTGCAAGCAGCTTAGATTGGGGTCTTAGTGCAGAAACGCTGTATTTTGgctcaggaaccagactgactgttctcgaggatctgagaaatgtgactccacccaaggt,GCAAGCAGCTTAGATTGGGGTCTTAGTGCAGAAACGCTGTAT,8
ASSSAGIANTEVF,mTRBV17*01,103,284,12,193,-,-,-,-,-,mTRBJ1-1*01,0,48,204,252,mTRBC2*03,0,31,252,283,ttccgatctatgaccaaaagaagccaaACCAAGCACCAAAGCTTCTTCTTTTCTACTATGATAAGATTTTGAACAGGGAAGCTGACACTTTTGAGAAGTTCCAATCCAGTCGGCCTAACAATTCTTTCTGCTCTCTCTACATTggctctgcaggcctagagtgttctgccatgtacctctgtgctagcagtagcgccgggatagcaaacacagaagtcttctttggtaaaggaaccagactcacagttgtagaggatctgagaaatgtgactccacccaaggt,gctagcagtagcgccgggatagcaaacacagaagtcttc,1
ASSFGRGEVF,mTRBV29*01,105,284,23,202,mTRBD1*01,4,10,205,211,mTRBJ1-1*01,7,48,211,252,mTRBC2*03,0,31,252,283,gacgtgtgctcttccgatctctgcgacaagaccctggtCTGGGGCTACAGCTGATTTATATCTCATACGATGTTGATAGTAACAGCGAAGGAGACATCCCTAAAGGATACAGGGTCTCACGGAAGAAGCGGGAGCATTTCTCCCTGATTCTGGATTCTGCTAAAACAAACCAGACATCTGTGTACTTCTGTGCTAGCAGTTTCGGCAGGGGAGAAGTCTTCTTTGGTAAAGGAACCAGACTCACAGTTGTAGAGGATCTGAGAAATGTGACTCCACCCAAGGTtggacggttttgaaagtcagatcggaagagcgtcgtgt,GCTAGCAGTTTCGGCAGGGGAGAAGTCTTC,8
SSRGVAETLY,mTRBV30*01,101,287,13,199,mTRBD2*01,6,11,199,204,mTRBJ2-3*01,2,49,205,252,mTRBC2*03,0,31,252,283,ctcttccgatctagtaccaacagttccaggAACAGAGCTTGATGCTCATGGCAACTGCAAATGAAGGCTCTGAAGCCACATACGAGAGTGGATTCACCAAGGACAAGTTTCCAATCAGCCGGCCAAACCTAACATTCTCAACGTTGACAGTGAACAATGCAAGGCCTGGAGACAGCAGTATCTATTTCTGtagttctaggggggttgcagaaacgctgtattttggctcaggaaccagactgactgttctcgaggatctgagaaatgtgactccacccaaggt,agttctaggggggttgcagaaacgctgtat,1
TCSAGSSAETLY,mTRBV1*01,104,286,16,198,-,-,-,-,-,mTRBJ2-3*01,0,49,203,252,mTRBC2*03,0,31,252,283,gtgctcttccgatctcgtatcagcaggatctccAAAAGCAACTACAGTGGCTGTTCACTCTGCGGAGTCCTGGGGACAAAGAGGTCAAATCTCTTCCCGGTGCTGATTACCTGGCCACACGGGTCACTGATACGGAGCTGAGGCTGCAAGTGGCCAACATGAGCCAGGGCAGAACCTTGTACTGCACCTGCAGTGCAGGGTCTAGTGCAGAAACGCTGTATTTTGGCTCAGGAACCAGACTGACTGTTCTCGAGGATCTGAGAAATGTGACTCCACCCAAGGTtggacggtagcacgtaaaa,ACCTGCAGTGCAGGGTCTAGTGCAGAAACGCTGTAT,18
ASSQGLGDTQY,mTRBV4*01,106,282,21,197,mTRBD2*01,1,10,200,209,mTRBJ2-5*01,6,49,209,252,mTRBC2*03,0,31,252,283,cgtgtgctcttccgatctcacagcaagactctaagaAATTGCTGAAGATTATGTTTAGCTACAATAATAAGCAACTCATTGTAAACGAAACAGTTCCAAGGCGCTTCTCACCTCAGTCTTCAGATAAAGCTCATTTGAATCTTCGAATCAAGTCTGTAGAGCCGGAGGACTCTGCTGTGTATCTCTGTGCCAGCAGCCAAGGACTGGGGGACACCCAGTACTTTGGGCCAGGCACTCGGCTCCTCGTGTTAGAGGATCTGAGAAATGTGACTCCACCCAAGGTtggacggtata,GCCAGCAGCCAAGGACTGGGGGACACCCAGTAC,5
ASSLSLGEEVF,mTRBV26*01,91,290,2,201,mTRBD2*01,5,11,203,209,mTRBJ1-1*01,7,48,210,251,mTRBC2*03,0,31,251,282,tcttgtattctggtatcaaCAAAATAAGAACAATGAGTTTAAATTTTTGATTAACTTTCAGAATCAAGAAGTTCTTCAGCAAATAGACATGACTGAAAAACGATTCTCTGCTGAGTGTCCTTCAAACTCACCTTGCAGCCTAGAAATTCAGTCCTCTGAGGCAGGAGACTCAGCACTGTACCTCTGTGCCAGCAGTCTGTCGTTgggggaagaagtcttctttggtaaaggaaccagactcacagttgtagaggatctgagaaatgtgactccacccaaggt,GCCAGCAGTCTGTCGTTgggggaagaagtcttc,21
ASSPGTGRDTQY,mTRBV17*01,98,282,10,194,mTRBD1*01,0,9,197,206,mTRBJ2-5*01,5,49,208,252,mTRBC2*03,0,31,252,283,ccgatctgcgctggtaccagcagaaGCCAAACCAAGCACCAAAGCTTCTTCTTTTCTACTATGATAAGATTTTGAACAGGGAAGCTGACACTTTTGAGAAGTTCCAATCCAGTCGGCCTAACAATTCTTTCTGCTCTCTCTACATTGGCTCTGCAGGCCTAGAGTATTCTGCCATGTACCTCTGTGCTAGCAGTCCCGGGACAGGGCGAGACACCCAGTACTTTGGGCCAGGCACTCGGCTCCTCGTGTTAGAGGATCTGAGAAATGTGACTCCACCCAAGGTtggacggtaatggtacagagatcg,GCTAGCAGTCCCGGGACAGGGCGAGACACCCAGTAC,1
ASSPDWGDSYEQY,mTRBV16*01,94,285,0,191,mTRBD2*01,2,10,194,202,mTRBJ2-7*01,0,47,205,252,mTRBC2*03,0,31,252,283,ttttctggtacagacaGACCATTGTGCAGGGCCTGGAGTTCCTGACTTACTTTCGAAATCAAGCTCCTATAGATGATTCAGGGATGCCCAAGGAACGATTCTCAGCTCAGATGCCCAATCAGTCGCACTCAACTCTGAAGATCCAGAGCACGCAACCCCAGGACTCAGCGGTGTATCTTTGTGCAAGCAGCCCCGACTGGGGTGACTCCTATGAACAGTACTTCGGTCCCGGCACCAGGCTCACGGTTTTAGAGGATCTGAGAAATGTGACTCCACCCAAGGTtggacggtcc,GCAAGCAGCCCCGACTGGGGTGACTCCTATGAACAGTAC,5
ASSYTGSNTEVF,mTRBV4*01,104,281,16,193,mTRBD1*01,3,9,197,203,mTRBJ1-1*01,0,48,204,252,mTRBC2*03,0,31,252,283,gtgctcttccgatcttcaagcaagactctaagaAATTGCTGAAGATTATGTTTAGCTACAATAATAAGCAACTCATTGTAAACGAAACAGTTCCAAGGCGCTTCTCACCTCAGTCTTCAGATAAAGCTCATTTGAATCTTCGAATCAAGTCTGTAGAGCCGGAGGACTCTGCTGTGTATCTCTGTGCCagcagttatacagggtcaaacacagaagtcttctttggtaaaggaaccagactcacagttgtagaggatctgagaaatgtgactccacccaaggt,GCCagcagttatacagggtcaaacacagaagtcttc,4
ASSWTKNSDYT,mTRBV4*01,105,283,20,198,-,-,-,-,-,mTRBJ1-2*01,1,48,205,252,mTRBC2*03,0,31,252,283,cgtgtgctcttccgatctataagcaagactctaagaAATTGCTGAAGATTATGTTTAGCTACAATAATAAGCAACTCATTGTAAACGAAACAGTTCCAAGGCGCTTCTCACCTCAGTCTTCAGATAAAGCTCATTTGAATCTTCGAATCAAGTCTGTAGAGCCGGAGGACTCTGCTGTGTATCTCTGTGCCAGCAGCTGGACGAAAAACTCCGACTACACCTTCGGCTCAGGGACCAGGCTTTTGGTAATAGAGGATCTGAGAAATGTGACTCCACCCAAGGTtggacggttgaaacagccagatcggaagagcgtcg,GCCAGCAGCTGGACGAAAAACTCCGACTACACC,6
ASSPTDANTEVF,mTRBV4*01,105,282,12,189,-,-,-,-,-,mTRBJ1-1*01,0,48,199,247,mTRBC2*03,0,31,247,278,cttccgatcttgaagcaagactctaagaAATTGCTGAAGATTATGTTTAGCTACAATAATAAGCAACTCATTGTAAACGAAACAGTTCCAAGGCGCTTCTCACCTCAGTCTTCAGATAAAGCTCATTTGAATCTTCGAATCAAGTCTGTAGAGCCGGAGGACTCTGCTGTGTATCTCTGTGCCAGCAGCCCCACGGATGCAAACACAGAAGTCTTCTTTGGTAAAGGAACCAGACTCACAGTTGTAGAGGATCTGAGAAATGTGACTCCACCCAAGGTtggacggtccttcaaccaagatcggaagagcgt,GCCAGCAGCCCCACGGATGCAAACACAGAAGTCTTC,6
ASSLFGTGTTEVF,mTRBV29*01,105,286,13,194,mTRBD1*01,0,9,196,205,mTRBJ1-1*01,4,48,207,251,mTRBC2*03,0,31,251,282,cttccgatctttccgacaagaccctggtCTGGGGCTACAGCTGATTTATATCTCATACGATGTTGATAGTAACAGCGAAGGAGACATCCCTAAAGGATACAGGGTCTCACGGAAGAAGCGGGAGCATTTCTCCCTGATTCTGGATTCTGCTAAAACAAACCAGACATCTGTGTACTTCTGTGCTAGCAGTTTATTTGGGACAGGGACCACAGAAGTCTTCTTTGGTAAAGGAACCAGACTCACAGTTGTAGAGGATCTGAGAAATGTGActccacccaaggt,GCTAGCAGTTTATTTGGGACAGGGACCACAGAAGTCTTC,1
ASSSGLGDEQY,mTRBV4*01,105,283,20,198,mTRBD2*01,1,11,200,210,mTRBJ2-7*01,5,47,210,252,mTRBC2*03,0,31,252,283,cgtgtgctcttccgatctataagcaagactctaagaAATTGCTGAAGATTATGTTTAGCTACAATAATAAGCAACTCATTGTAAACGAAACAGTTCCAAGGCGCTTCTCACCTCAGTCTTCAGATAAAGCTCATTTGAATCTTCGAATCAAGTCTGTAGAGCCGGAGGACTCTGCTGTGTATCTCTGTGCCAGCAGCTCTGGACTGGGGGATGAACAGTACTTCGGTCCCGGCACCAGGCTCACGGTTTTAGAGGATCTGAGAAATGTGACTCCACCCAAGGTtggacggtaactacttgtagatcggaagagcgtcgt,GCCAGCAGCTCTGGACTGGGGGATGAACAGTAC,9
ASSLGVTEVF,mTRBV14*01,98,287,13,202,mTRBD2*01,6,11,202,207,mTRBJ1-1*01,4,48,208,252,mTRBC2*03,0,31,252,283,gtgctcttccgatctggtatcagcagcccagagACCAGGGGCCCCAGCTTCTAGTTTACTTTCGGGATGAGGCTGTTATAGATAATTCACAGTTGCCCTCGGATCGATTTTCTGCTGTGAGGCCTAAAGGAACTAACTCCACTCTCAAGATCCAGTCTGCAAAGCAGGGCGACACAGCCACCTATCTCTGTGCCAGCAGTTTGGGGGTCACAGAAGTCTTCTTTGGTAAAGGAACCAGACTCACAGTTGTAGAGGATCTGAGAAATGTGACTCCACCCAAGGTtggacggtacctaagtaaagatcggaagagcgt,GCCAGCAGTTTGGGGGTCACAGAAGTCTTC,5
ASSLRDRDTEVF,mTRBV12-1*01,105,285,17,197,mTRBD1*01,0,9,198,207,mTRBJ1-1*01,3,48,207,252,mTRBC2*03,0,31,252,283,tgctcttccgatcttgacagcagactctggggAAGGAATTAAAGTTCCTTATTCAGCATTATGAAAAGGTGGAGAGAGACAAAGGATTCCTACCCAGCAGATTCTCAGTCCAACAGTTTGATGACTATCACTCTGAAATGAACATGAGTGCCTTGGAACTGGAGGACTCTGCTATGTACTTCTGTGCCAGCTCTCTCCGGGACAGGGACACAGAAGTCTTCTTTGGTAaaggaaccagactcacagttgtagaggatctgagaaatgtgactccacccaaggt,GCCAGCTCTCTCCGGGACAGGGACACAGAAGTCTTC,20
ASSDAGANTEVF,mTRBV13-1*02,96,286,8,198,-,-,-,-,-,mTRBJ1-1*01,0,48,204,252,mTRBC2*03,0,31,252,283,cgatctcttactggtatcggcaggACACTGGGCATGGGCTGAGGCTGATCCATTACTCATATGGTGCTGGCAACCTTCAAATAGGAGATGTCCCTGATGGGTACAAGGCCACCAGAACAACGCAAGAAGACTTCTTCCTCCTGCTGGAATTGGCTTCTCCCTCTCAGACATCTTTGTACTTCTGTGCCAGCAGTGATGCGGGTGCAAACACAGAAGTCTTCTTTGGTAAAGGAACCAGACTCACAGTTGTAGAGGATCTGAGAAATGTGACTCCACCCAAGGTtggacggtgaccatggaaagatcg,GCCAGCAGTGATGCGGGTGCAAACACAGAAGTCTTC,13
GARPDTNTEVF,mTRBV20*01,106,291,12,197,mTRBD1*01,1,6,199,204,mTRBJ1-1*01,2,48,206,252,mTRBC2*03,0,31,252,283,ttccgatctcggatcgtcaatcgcctcAAAAGACATTTGAACTGATAGCACTTTCTACTGTGAACTCAGCAATCAAATATGAACAAAATTTTACCCAGGAAAAATTTCCCATCAGTCATCCCAACTTATCCTTTTCATCTATGACAGTTTTAAATGCATATCTTGAAGACAGAGGCTTATATCTCTGTGGTGCTAGgccggacactaacacagaagtcttctttggtaaaggaaccagactcacagttgtagaggatctgagaaatgtgactccacccaaggt,GGTGCTAGgccggacactaacacagaagtcttc,2
ASNLTGTNTEVF,mTRBV3*01,120,283,0,163,mTRBD1*01,2,9,167,174,mTRBJ1-1*01,0,48,175,223,mTRBC2*03,0,31,295,326,cagcagatggagtttctggttaatttctacaatggtaaagtcatggagaAGTCTAAGCTGTTTAAGGATCAGTTTTCAGTTGAAAGACCAGATGGTTCATATTTCACTCTGAAAATCCAACCCACAGCACTGGAGGACTCAGCTGTGTACTTCTGTGCCAGCAACCTGACAGGGACAAACACAGAAGTCTTCTTTGGTAAAGGAACCAGACTCACAGTTGTAGGATTGCGGCTTTCCTATGCAAGCCACCACAGCTCTCTTACATCTCAGTGTAGGAGTGAAtgtggaacatcagaggatctgagaaatgtgactccacccaaggt,GCCAGCAACCTGACAGGGACAAACACAGAAGTCTTC,1
ASSSRDTNYAEQF,mTRBV17*01,103,284,12,193,mTRBD1*01,0,6,195,201,mTRBJ2-1*01,1,50,203,252,mTRBC2*03,0,31,252,283,ttccgatcttgaaccaaaagaagccaaACCAAGCACCAAAGCTTCTTCTTTTCTACTATGATAAGATTTTGAACAGGGAAGCTGACACTTTTGAGAAGTTCCAATCCAGTCGGCCTAACAATTCTTTCTGCTCTCTCTACATTGGCTCTGCAGGCCTAGAGTATTCTGCCATGTACCTCTGTGCTAGCAGTAGCCGGGACACAAACTATGCTGAGCAGTTCTTCGGACCAGGGACACGACTCACCGTCCTAGAGGATCTGAGAAATGTGACTCCACCCAAGGTtggacggtgttttaattgagatcggaa,GCTAGCAGTAGCCGGGACACAAACTATGCTGAGCAGTTC,1
ASSNWGYEQY,mTRBV13-1*02,96,281,14,199,mTRBD2*01,3,11,201,209,mTRBJ2-7*01,4,47,209,252,mTRBC2*03,0,31,252,283,ctcttccgatctcatactggtatcggcaggACACTGGGCATGGGCTGAGGCTGATCCATTACTCATATGGTGCTGGCAACCTTCAAATAGGAGATGTCCCTGATGGGTACAAGGCCACCAGAACAACGCAAGAAGACTTCTTCCTCCTGCTGGAATTGGCTTCTCCCTCTCAGACATCTTTGTACTTCTGTGCCAGCAGCAACTGGGGGTATGAACAGTACTTCGGTCCCGGCACCAGGCTCACGGTTTTAGAGGATCTGAGAAATGTGACTCCACCCAAGGTtggacggtcaatgctattagatcggaaga,GCCAGCAGCAACTGGGGGTATGAACAGTAC,15
ASSRDWGGNYAEQF,mTRBV14*01,103,285,6,188,mTRBD2*01,0,13,189,202,mTRBJ2-1*01,1,50,203,252,mTRBC2*03,0,31,252,283,tcttgcatcagcagcccagagACCAGGGGCCCCAGCTTCTAGTTTACTTTCGGGATGAGGCCGTTATAGATAATTCACAGTTGCCCTCGGATCGATTTTCTGCTGTGAGGCCTAAAGGAACTAACTCCACTCTCAAGATCCAGTCTGCAAAGCAGGGCGACACAGCCACCTATCTCTGTGCCAGCAGTAGGGACTGGGGGGGGAACTATGCTGAGCAGTTCTTCGGACCAGGGACACGACTCACCGTCCTAGAGGATCTGAGAAATGTGACTCCACCCAAGGTtggacggtat,GCCAGCAGTAGGGACTGGGGGGGGAACTATGCTGAGCAGTTC,1
ASSLDWGSSYEQY,mTRBV16*01,95,290,1,196,mTRBD2*01,5,10,197,202,mTRBJ2-7*01,0,47,205,252,mTRBC2*03,0,31,252,283,atttctggtacagacaGACCATTGTGCAGGGCCTGGAGTTCCTGACTTACTTTCGAAATCAAGCTCCTATAGATGATTCAGGGATGCCCAAGGAACGATTCTCAGCTCAGATGCCCAATCAGTCGCACTCAACTCTGAAGATCCAGAGCACGCAACCCCAGGACTCAGCGGTGTATCTTTGTGCAAGCAGCTTAGATTGGGGAAGCTCCTATGAACAGTACTTCGGTCCCGGCACCAGGCTCACGGTTTTAGAGGATCTGAGaaatgtgactccacccaaggt,GCAAGCAGCTTAGATTGGGGAAGCTCCTATGAACAGTAC,6
ASSSTGANTEVF,mTRBV4*01,121,283,0,162,mTRBD1*01,2,8,163,169,mTRBJ1-1*01,0,48,171,219,mTRBC2*03,0,31,291,322,aattgctgaagattatgtttagctacaataataagcaacTCATTGTAAACGAAACAGTTCCAAGGCGCTTCTCACCTCAGTCTTCAGATAAAGCTCATTTGAATCTTCGAATCAAGTCTGTAGAGCCGGAGGACTCTGCTGTGTATCTCTGTGCCAGCAGCTCGACAGGTGCAAACACAGAAGTCTTCTTTGGTAAAGGAACCAGACTCACAGTTGTAGGATTGCGGCTTTCCTATGCAAGCCACCACAGCTCTCTTACATCTCAGTGTAGGAGTGaatgtggaacatcagaggatctgagaaatgtgactccacccaaggt,GCCAGCAGCTCGACAGGTGCAAACACAGAAGTCTTC,3
TCSADKYAEQF,mTRBV1*01,121,287,0,166,-,-,-,-,-,mTRBJ2-1*01,4,50,170,216,mTRBC2*03,0,31,216,247,aaaagcaactacagtggctgttcactctgcggagtcctggggacaaagaggtcaaatctcttCCCGGTGCTGATTACCTGGCCACACGGGTCACTGATACGGAGCTGAGGCTGCAAGTGGCCAACATGAGCCAGGGCAGAGCCTTGTACTGCACCTGCAGTGCAGATAAGTATGCTGAGCAGTTCTTCGGACCAGGGACACGACTCACCGTCCTAGAGGATCTGAGAAATGTGACTCCACCCAAGGTtggacggtgtcatacagtagatcggaagagcgtcgt,ACCTGCAGTGCAGATAAGTATGCTGAGCAGTTC,1
ASSPGTGENTEVF,mTRBV4*01,105,282,7,184,mTRBD1*01,0,10,187,197,mTRBJ1-1*01,1,48,198,245,mTRBC2*03,0,31,245,276,gatcttaaagcaagactctaagaAATTGCTGAAGATTATGTTTAGCTACAATAATAAGCAACTCATTGTAAACGAAACAGTTCCAAGGCGCTTCTCACCTCAGTCTTCAGATAAAGCTCATTTGAATCTTCGAATCAAGTCTGTAGAGCCGGAGGACTCTGCTGTGTATCTCTGTGCCAGCAGCCCAGGGACAGGGGAAAACACAGAAGTCTTCTTTGGTAAAGGAACCAGACTCACAGTTGTAGAGGATCTGAGAAATGTGACTCCACCCAAGGTtggacggtaa,GCCAGCAGCCCAGGGACAGGGGAAAACACAGAAGTCTTC,5
ASSFGLGVGQY,mTRBV4*01,105,283,20,198,mTRBD2*01,1,11,200,210,mTRBJ2-7*01,9,47,214,252,mTRBC2*03,0,31,252,283,cgtgtgctcttccgatctagaagcaaggctctaagaAATTGCTGAAGATTATGTTTAGCTACAATAATAAGCAACTCATTGTAAACGAAACAGTTCCAAGGCGCTTCTCACCTCAGTCTTCAGATAAAGCTCATTTGAATCTTCGAATCAAGTCTGTAGAGCCGGAGGACTCTGCTGTGTATCTCTGTGCCAGCAGCTTTGGACTGGGGGTTGGACAGTACTTCGGTCCCGGCACCAGGCTCACGGTTTTAGAGGATCTGAGAAATGTGACTCCACCCAAGGTtggacggtcccccgagttagatcggaagagcgtcgt,GCCAGCAGCTTTGGACTGGGGGTTGGACAGTAC,1
ASSFQGGNSDYT,mTRBV3*01,105,287,14,196,mTRBD2*01,6,13,199,206,mTRBJ1-2*01,2,48,206,252,mTRBC2*03,0,31,252,283,tcttccgatctgcgaaacagattttaggaCAGCAGATGGAGTTTCTGGTTAATTTCTACAATGGTAAAGTCATGGAGAAGTCTAAACTGTTTAAGGATCAGTTTTCAGTTGAAAGACCAGATGGTTCATATTTCACTCTGAAAATCCAACCCACAGCACTGGAGGACTCAGCTGTGTACTTCTGTGCCAGCAGCTTCCAGGGGGGGAACTCCGACTACACCTTCGGCTCAGGGACCAGGCTTTTGGTAAtagaggatctgagaaatgtgactccacccaaggt,GCCAGCAGCTTCCAGGGGGGGAACTCCGACTACACC,4
ASSWTGGDSYEQY,mTRBV12-2*02,103,282,12,191,mTRBD2*01,1,13,192,204,mTRBJ2-7*01,0,47,205,252,mTRBC2*03,0,31,252,283,ttccgatctgccatcaacagactcaggGGCAGGAACTAAAGTTCTTCATTCAGCATTATGATAAAATGGAGAGAGATAAAGGAAACCTGCCCAGCAGATTCTCAGTCCAACAGTTTGATGACTATCACTCTGAGATGAACATGAGTGCCTTGGAGCTAGAGGACTCTGCCGTGTACTTCTGTGCCAGCTCTTGGACTGGGGGGGACTCCTATGAACAGTACTTCGGTCCCGGCACCAGGCTCACGGTTTTAGAGGATCTGAGAAATGTGACTCCACCCAAGGTtggacggtatggcag,GCCAGCTCTTGGACTGGGGGGGACTCCTATGAACAGTAC,16
ASSPAQANTEVF,mTRBV16*01,94,285,3,194,-,-,-,-,-,mTRBJ1-1*01,0,48,204,252,mTRBC2*03,0,31,252,283,tatttttctggtacagacaGACCATTGTGCAGGGCCTGGAGTTCCTGACTTACTTTCGAAATCAAGCTCCTATAGATGATTCAGGGATGCCCAAGGAACGATTCTCAGCTCAGATGCCCAATCAGTCGCACTCAACTCTGAAGATCCAGAGCACGCAACCCCAGGACTCAGCggtgtatctttgtgcaagcagccctgcccaggcaaacacagaagtcttctttggtaaaggaaccagactcacagttgtagaggatctgagaaatgtgactccacccaaggt,gcaagcagccctgcccaggcaaacacagaagtcttc,6
ASSPWDSAETLY,mTRBV16*01,95,285,4,194,mTRBD2*01,0,5,198,203,mTRBJ2-3*01,0,49,203,252,mTRBC2*03,0,31,252,283,tacgtttctggtacagacaGACCATTGTGCAGGGCCTGGAGTTCCTGACTTACTTTCGAAATCAAGCTCCTATAGATGATTCAGGGATGCCCAAGGAACGATTCTCAGCTCAGATGCCCAATCAGTCGCACTCAACTCTGAAGATCCAGAGCACGCAACCCCAGGACTCAGCGGTGTATCTTTGTGCAAGCAGCCCCTGGGACAGTGCAGAAACGCTGTATTTTGGCTCAGGAACCAGACTGACTGTTCTCGAGGATCTGAGAAATGTGACTCCACCcaaggt,GCAAGCAGCCCCTGGGACAGTGCAGAAACGCTGTAT,7
ASGDGTVNSGNTLY,mTRBV13-2*04,88,280,0,192,mTRBD1*01,1,7,192,198,mTRBJ1-3*01,0,50,202,252,mTRBC2*03,0,31,252,283,tgtactggtatcggcaggACACGGGGCATGGGCTGAGGCTGATCCATTATTCATATGGTGCTGGCAGCACTGAGAAAGGAGATATCCCTGATGGATACAAGGCCTCCAGACCAAGCCAAGAGAACTTCTCCCTCATTCTGGAGTTGGCTACCCCCTCTCAGACATCAGTGTACTTCTGTGCCAGCGGTGATGGGACAGTCAATTCTGGAAATACGCTCTATTTTGGAGAAGGAAGCCGGCTCATTGTTGTAGAGGATCTGAGAAATgtgactccacccaaggt,GCCAGCGGTGATGGGACAGTCAATTCTGGAAATACGCTCTAT,52
ASSDGWATGQLY,mTRBV13-3*01,96,284,8,196,mTRBD2*01,4,9,199,204,mTRBJ2-2*01,4,51,205,252,mTRBC2*03,0,31,252,283,cgatctgttactggtatcggcaggACACGGGGCATGGGCTGAGGCTGATCCATTACTCATATGTCGCTGACAGCACGGGGAAAGGAGATATCCCTGATGGGTACAAGGCCTCCAGACCAAGCCAAGAGAATTTCTCTCTCATTCTGGAGTTGGCTTCCCTTTCTCAGACAGCTGTATATTTCTGTGCCAGCAGTGACGGCTGGGCCACCGGGCAGCTCTACTTTGGTGAAGGCTCAAAGCTGACAGTGCTGGAGGATCTGAGAAATGTGACTCCACccaaggt,GCCAGCAGTGACGGCTGGGCCACCGGGCAGCTCTAC,1
ASSLDWTGGQNTLY,mTRBV16*01,97,290,0,193,mTRBD2*01,1,10,195,204,mTRBJ2-4*01,1,49,204,252,mTRBC2*03,0,31,252,283,tctggtacagacaGACCATTGTGCAGGGCCTGGAGTTCCTGACTTACTTTCGAAATCAAGCTCCTATAGATGATTCAGGGATGCCCAAGGAACGATTCTCAGCTCAGATGCCCAATCAGTCGCACTCAACTCTGAAGATCCAGAGCACGCAACCCCAGGACTCAGCGGTGTATCTTTGTGCAAGCAGCTTAGATTGGACTGGGGGTCAAAACACCTTGTACTTTGGTGCGGGCACCCGACTATCGGTGCTAGAGGATCTGAGAAATGTGACTCCACCCAAGGTtggacggtcatac,GCAAGCAGCTTAGATTGGACTGGGGGTCAAAACACCTTGTAC,5
TCSAGSSAETLY,mTRBV1*01,106,286,18,198,-,-,-,-,-,mTRBJ2-3*01,0,49,203,252,mTRBC2*03,0,31,252,283,gtgctcttccgatctaagatcagcaggatctccAAAAGCAACTACAGTGGCTGTTCACTCTGCGGAGTCCTGGGGACAAAGAGGTCAAATCTCTTCCCGGTGCTGATTACCTGGCCACACGGGTCACTGATACGGAGCTGAGGCTGCAAGTGGCCAACATGAGCCAGGGCAGAACCTTGTACTGCACCTGCAGTGCAGGCAGTAGTGCAGAAACGCTGTATTTTGGCTCAGGAACCAGACTGACTGTTCTCGAGGATCTGAGAAATGTGACTCCACCCAAGGTtggacggtgcgagttcctagatcggaagagcgt,ACCTGCAGTGCAGGCAGTAGTGCAGAAACGCTGTAT,1
SFRGVAETLY,mTRBV30*01,111,283,23,195,mTRBD2*01,6,12,198,204,mTRBJ2-3*01,2,49,205,252,mTRBC2*03,0,31,252,283,tccgatctagtggatccggcagtttcCAGGAACAGAGCTTGATGCTCATGGCAACTGCAAATGAAGGCTCTGAAGCCACATACGAGAGTGGATTCACCAAGGACAAGTTTCCAATCAGCCGGCCAAACCTAACATTCTCAACGTTGACAGTGAACAATGCAAGGCCTGGAGACAGCAGTATCTATTTCTGTAGTTTTAGGGGGGTTGCAGAAACGCTGTATTTTGGCTCAGGAACCAGACTGACTGTTCTCGAGGATCTGAGAAATGTGACTCCACCCAAGGTtggacggtaatctattgtagatcgga,AGTTTTAGGGGGGTTGCAGAAACGCTGTAT,1
ASSLSPRSNTEVF,mTRBV29*01,105,287,14,196,-,-,-,-,-,mTRBJ1-1*01,0,48,204,252,mTRBC2*03,0,31,252,283,tcttccgatctgaccgacaagaccctggtCTGGGGCTACAGCTGATTTATATCTCATACGATGTTGATAGTAACAGCGAAGGAGACATCCCTAAAGGATACAGGGTCTCACGGAAGAAGCGGGAGCATTTCTCCCTGATTCTGGATTCTGCTAAAACAAACCAGACATCTGTGTACTTCTGTGCTAGCAGTTTATCGCCACGGTCAAACACAGAAGTCTTCTTTGGTAAAGGAACCAGACTCACAGTTGTAGAGGATCTGAGAAATGTGACTCCACCCAAGGTtggacggtatacagccagagatcggaaga,GCTAGCAGTTTATCGCCACGGTCAAACACAGAAGTCTTC,6
ASSDWGNTEVF,mTRBV13-3*01,95,285,10,200,mTRBD2*01,5,10,200,205,mTRBJ1-1*01,1,48,205,252,mTRBC2*03,0,31,252,283,ttccgatctagtactggtatcggcaggACACGGGGCATGGGCTGAGGCTGATCCATTACTCATATGTCGCTGACAGCACGGAGAAAGGAGATATCCCTGATGGGTACAAGGCCTCCAGACCAAGCCAAGAGAATTTCTCTCTCATTCTGGAGTTGGCTTCCCTTTCTCAGACAGCTGTATATTTCTGTGCCAGCAGTGATTGGGGAAACACAGAAGTCTTCTTTGGTAAAGGAACCAGACTCACAGTTGTAGAGGATCTGAGAAATGTGACTCCACCCAAGGTtggacggtacgggcatatagatcgg,GCCAGCAGTGATTGGGGAAACACAGAAGTCTTC,24
ASSSDRANTEVF,mTRBV4*01,121,283,0,162,mTRBD1*01,1,9,163,171,mTRBJ1-1*01,0,48,171,219,mTRBC2*03,0,31,291,322,aattgctgaagattatgtttagctacaataataagcaacTCATTGTAAACGAAACAGTTCCAAGGCGCTTCTCACCTCAGTCTTCAGATAAAGCTCATTTGAATCTTCGAATCAAGTCTGTAGAGCCGGAGGACTCTGCTGTGTATCTCTGTGCCAGCAGCTCGGACAGGGCAAACACAGAAGTCTTCTTTGGTAAAGGAACCAGACTCACAGTTGTAGGATTGCGGCTTTCCTATGCAAGCCACCACAGCTCTCTTACATCTCAGTGTAGGAGTGAATGTGGaacatcagaggatctgagaaatgtgactccacccaaggt,GCCAGCAGCTCGGACAGGGCAAACACAGAAGTCTTC,5
ASSQGEGQNTLY,mTRBV12-2*01,101,283,12,194,mTRBD1*01,5,10,195,200,mTRBJ2-4*01,3,49,205,251,mTRBC2*03,0,31,251,282,tcttccgatctagtatcaacagactcaggGGCAGGAACTAAAGTTCTTCATTCAGCATTATGATAAAATGGAGAGAGATAAAGGAAACCTGCCCAGCAGATTCTCAGTCCAACAGTTTGATGACTATCACTCTGAGATGAACATGAGTGCCTTGGAGCTAGAGGACTCTGCCGTGTACTTCTGTGCCAGCTCTCAAGGGGAGGGACAAAACACCTTGTACTTTGGTGCGGGCACCCGACTATCGGTGCTAGAGGATCTGAGAAATGTGACTCCACCCAAGGTtggacggtcatacgaacgagatcggaagag,GCCAGCTCTCAAGGGGAGGGACAAAACACCTTGTAC,18
ASSLDIKDTQY,mTRBV16*01,94,290,6,202,-,-,-,-,-,mTRBJ2-5*01,4,49,207,252,mTRBC2*03,0,31,252,283,atctaattttctggtacagacaGACCATTGTGCAGGGCCTGGAGTTCCTGACTTACTTTCGAAATCAAGCTCCTATAGATGATTCAGGGATGCCCAAGGAGCGATTCTCAGCTCAGATGCCCAATCAGTCGCACTCAACTCTGAAGATCCAGAGCACGCAACCCCAGGACTCAGCGGTGTATCTTTGTGCAAGCAGCTTAGACATAAAAGACACCCAGTACTTTGGGCCAGGCACTCGGCTCCTCGTGTTAGAGGATCTGAGAaatgtgactccacccaaggt,GCAAGCAGCTTAGACATAAAAGACACCCAGTAC,1
ASSQWDSTEVF,mTRBV5*04,101,282,19,200,mTRBD1*01,0,7,201,208,mTRBJ1-1*01,4,48,208,252,mTRBC2*03,0,31,252,283,gtgtgctcttccgatctattaaacagagcgctgagAAGCCGCCAGAGCTCATGTTTCTCTACAATCTTAAACAGTTGATTCGAAATGAGACGGTGCCCAGTCGTTTTATACCTGAATGCCCAGACAGCTCCAAGCTACTTTTACATATATCTGCCGTGGATCCAGAAGACTCAGCTGTCTATTTTTGTGCCAGCAGCCAATGGGACAGCACAGAAGTCTTCTTTGGTAAAGGAACCAGACTCACAGTTGTAGAGGATCTGAGAAATGTGACTCCACCCAAGGTtggacggtacgtgtgtatagatcggaagagcgtcg,GCCAGCAGCCAATGGGACAGCACAGAAGTCTTC,20
AWSLQGGSQNTLY,mTRBV31*01,105,284,14,193,mTRBD1*01,4,11,194,201,mTRBJ2-4*01,0,49,203,252,mTRBC2*03,0,31,252,283,ctcttccgatctaatactggcaggccacagGAGGCACCCTCCAGCAACTCTTCTACTCTATTACTGTTGGCCAGGTAGAGTCGGTGGTGCAACTGAACCTCTCAGCTTCCAGGCCGAAGGACGACCAATTCATCCTAAGCACGGAGAAGCTGCTTCTCAGCCACTCTGGCTTCTACCTCTGTGCCTGGAGTCTGCAGGGGGGTAGTcaaaacaccttgtactttggtgcgggcacccgactatcggtgctagaggatctgagaaatgtgactccacccaaggt,GCCTGGAGTCTGCAGGGGGGTAGTcaaaacaccttgtac,10
ASSYTGVNTEVF,mTRBV4*01,121,284,0,163,mTRBD1*01,3,10,164,171,mTRBJ1-1*01,2,48,173,219,mTRBC2*03,0,31,291,322,aattgctgaagattatgtttagctacaataataagcaacTCATTGTAAACGAAACAGTTCCAAGGCGCTTCTCACCTCAGTCTTCAGATAAAGCTCATTTGAATCTTCGAATCAAGTCTGTAGAGCCGGAGGACTCTGCTGTGTATCTCTGTGCCAGCAGCTATACAGGGGTGAACACAGAAGTCTTCTTTGGTAAAGGAACCAGACTCACAGTTGTAGGATTGCGGCTTTCCTATGCAAGCCACCACAGCTCTCTTACATctcagtgtaggagtgaatgtggaacatcagaggatctgagaaatgtgactccacccaaggt,GCCAGCAGCTATACAGGGGTGAACACAGAAGTCTTC,5
ASSLAGLGGRGDTLY,mTRBV16*01,100,289,0,189,mTRBD2*01,0,14,190,204,mTRBJ2-4*01,7,49,210,252,mTRBC2*03,0,31,252,283,ggtacagacaGACCATTGTGCAGGGCCTGGAGTTCCTGACTTACTTTCGAAATCAAGCTCCTATAGATGATTCAGGGATGCCCAAGGAACGATTCTCAGCTCAGATGCCCAATCAGTCGCACTCAACTCTGAAGATCCAGAGCACGCAACCCCAGGACTCAGCGGTGTATCTTTGTGCAAGCAGCTtagcgggactgggggggcgcggagacaccttgtactttggtgcgggcacccgactatcggtgctagaggatctgagaaatgtgactccacccaaggt,GCAAGCAGCTtagcgggactgggggggcgcggagacaccttgtac,1
ASSEWENTEVF,mTRBV13-1*02,96,284,11,199,-,-,-,-,-,mTRBJ1-1*01,2,48,206,252,mTRBC2*03,0,31,252,283,ttccgatctaatactggtatcggcaggACACTGGGCATGGGCTGAGGCTGATCCATTACTCATATGGTGCTGGCAACCTTCAaataggagatgtccctgatgggtacaaggccaccagaacaacgcaagaagacttcttcctcctgctggaattggcttctccctctcagacatctttgtacttctgtgccagcagtgaatgggagaacacagaagtcttctttggtaaaggaaccagactcacagttgtagaggatctgagaaatgtgactccacccaaggt,gccagcagtgaatgggagaacacagaagtcttc,17
ASSLDSFAETLY,mTRBV16*01,93,290,1,198,-,-,-,-,-,mTRBJ2-3*01,2,49,204,251,mTRBC2*03,0,31,251,282,agttttctggtacagacaGACCATTGTGCAGGGCCTGGAGTTCCTGACTTACTTTCGAAATCAAGCTCCTATAGATGATTCAGGGATGCCCAAGGAACGATTCTCAGCTCAGATGCCCAATCAGTCGCACTCAACTCTGAAGATCCAGAGCACGCAACCCCAGGACTCAGCGGTGTATCTTTGTGCAAGCAGCTtagattcttttgcagaaacgctgtattttggctcaggaaccagactgactgttctcgaggatctgagaaatgtgactccacccaaggt,GCAAGCAGCTtagattcttttgcagaaacgctgtat,7
ASSQDLGAETLY,mTRBV5*01,101,284,14,197,mTRBD2*01,4,10,198,204,mTRBJ2-3*01,3,49,204,250,mTRBC2*03,0,31,250,281,ctcttccgatctggtaaacagagcgctgagAAGCCGCCAGAGCTCATGTTTCTCTACAATCTTAAACAGTTGATTCGAAATGAGACGGTGCCCAGTCGTTTTATGCCTGAATGCCCAGACAGCTCCAAGCTACTTTTACATATATCTGCCGTGGATCCAGAAGACTCAGCTGTCTATTTTTGTGCCAGCAGCCAAGACCTGGGGGCAGAAACGCTGTATTTTGGCTCAGGAACCAGACTGACTGTTCTCGAGGATCTGAGAAATGCGACTCCACCCAAGGTtgga,GCCAGCAGCCAAGACCTGGGGGCAGAAACGCTGTAT,3
ASSHTLGSDYT,mTRBV4*01,105,282,20,197,-,-,-,-,-,mTRBJ1-2*01,5,48,209,252,mTRBC2*03,0,31,252,283,cgtgtgctcttccgatctttaagcaagactctaagaAATTGCTGAAGATTATGTTTAGCTACAATAATAAGCAACTCATTGTAAACGAAACAGTTCCAAGGCGCTTCTCACCTCAGTCTTCAGATAAAGCTCATTTGAATCTTCGAATCAAGTCTGTAGAGCCGGAGGACTCTGCTGTGTATCTCTGTGCCAGCAGCCACACACTAGGGTCCGACTACACCTTCGGCTCAGGGACCAGGCTTTTGGTAATAGAGGATCTGAGAAATGTGACTCCACCCAAGGTtggacggtggtgagaatcagatcggaagagcgtc,GCCAGCAGCCACACACTAGGGTCCGACTACACC,7
ASSPTDANTEVF,mTRBV4*01,106,282,18,194,mTRBD1*01,2,7,196,201,mTRBJ1-1*01,0,48,204,252,mTRBC2*03,0,31,252,283,gtgctcttccgatctcagagcaagactctaagaAATTGCTGAAGATTATGTTTAGCTACAATAATAAGCAACTCATTGTAAACGAAACAGTTCCAAGGCGCTTCTCACCTCAGTCTTCAGATAAAGCTCATTTGAATCTTCGAATCAAGTCTGTAGAGCCGGAGGACTCTGCTGTGTATCTCTGTGCCAGCAGCCCGACAGATGCAAACACAGAAGTCTTCTTTGGTAAaggaaccagactcacagttgtagaggatctgagaaatgtgactccacccaaggt,GCCAGCAGCCCGACAGATGCAAACACAGAAGTCTTC,4
ASSHRDRGSYEQY,mTRBV4*01,105,282,14,191,mTRBD1*01,0,10,195,205,mTRBJ2-7*01,0,47,205,252,mTRBC2*03,0,31,252,283,ctcttccgatctgtaagcaagactctaagaAATTGCTGAAGATTATGTTTAGCTACAATAATAAGCAACTCATTGTAAACGAAACAGTTCCAAGGCGCTTCTCACCTCAGTCTTCAGataaagctcatttgaatcttcgaatcaagtctgtagagccggaggactctgctgtgtatctctgtgccagcagccaccgggacaggggctcctatgaacagtacttcggtcccggcaccaggctcacggttttagaggatctgagaaatgtgactccacccaaggt,gccagcagccaccgggacaggggctcctatgaacagtac,1
TCSGTSNTEVF,mTRBV1*01,101,281,16,196,mTRBD1*01,0,6,197,203,mTRBJ1-1*01,0,48,204,252,mTRBC2*03,0,31,252,283,cgtgtgctcttccgatctggtatcagcaggatctccAAAAGCAACTACAGTGGCTGTTCACTCTGCGGAGTCCTGGGGACAAAGAGGTCAAATCTCTTCCCGGTGCTGATTACCTGGCCACACGGGTCACTGATACGGAGCTGAGGCTGCAAGTGGCCAACATGAGCCAGGGCGGAACCTTGTACTGCACCTGCAGCGGGACATCAAACACAGAAGTCTTCTTTGGTAAAGGAACCAGACTCACAGTTGTAGAGGATCTGAGAAATGTGACTCCACCCAAGGTtggacggtgcgagtatctagatcggaagagcgtc,ACCTGCAGCGGGACATCAAACACAGAAGTCTTC,3
ASSLDWGGAYAEQF,mTRBV12-2*01,102,285,8,191,mTRBD2*01,2,14,191,203,mTRBJ2-1*01,3,50,205,252,mTRBC2*03,0,31,252,283,cgatctattatcaacagactcaggGGCAGGAACTAAAGTTCTTCATTCAGCATTATGATAAAATGGAGAGAGATAAAGGAAACCTGCCCAGCAGATTCTCAGTCCAACAGTTTGATGACTATCACTCTGAGATGAACATGAGTGCCTTGGAGCTAGAGGACTCTGCCGTGTACTTCTGTGCCAGCTCTCTCGACTGGGGGGGCGCCTATGCTGAGCAGTTCTTCGGACCAGGGACACGACTCACCGTCCTAGAGGATCTGAGAAATGTGACTCCACCCAAGGTtggacggtatctcgacgtagatcg,GCCAGCTCTCTCGACTGGGGGGGCGCCTATGCTGAGCAGTTC,15
ASRSGTGYNYAEQF,mTRBV19*03,101,281,0,180,mTRBD1*01,0,9,184,193,mTRBJ2-1*01,0,50,195,245,mTRBC2*03,0,31,245,276,gtaccgacaggattcagGGAAAGGATTGAGACTGATCTACTATTCAATAACTGAAAACGATCTTCAAAAAGGCGATCTATCTGAAGGCTATGATGCGTCTCGAGAGAAGAAGTCATCTTTTTCTCTCACTGTGACATCTGCCCAGAAGAACGAGATGGCCGTTTTTCTCTGTGCCAGCAGATCCGGGACAGGGTATAACTATGCTGAGCAGTTCTTCGGACCAGGGACACGACTCACCGTCCTAGAGGATCTGAGAAATGTGACTCCACCCAAGGTtggacggtaagccaaggtagatc,GCCAGCAGATCCGGGACAGGGTATAACTATGCTGAGCAGTTC,37
AVQGANTEVF,mTRBV13-3*01,96,276,14,194,mTRBD1*01,3,12,196,205,mTRBJ1-1*01,2,48,206,252,mTRBC2*03,0,31,252,283,ctcttccgatctactactggtatcggcaggACACGGGGCATGGGCTGAGGCTGATCCATTACTCATATGTCGCTGACAGCACGGAGAAAGGAGATATCCCTGATGGGTACAAGGCCTCCAGACCAAGCCAAGAGAATTTCTCTCTCATTCTGGAGTTGGCTTCCCTTTCTCAGACAGCTGTATATTTCTGTGCCGTACAGGGGGCGAACACAGAAGTCTTCTTTGGTAAAGGAACCAGACTCACAGTTGTAGAGGATCTGAGAAATGTGACTCCACCCAAGGTtggacggtgtagtaggag,GCCGTACAGGGGGCGAACACAGAAGTCTTC,13
ASSFQGVSYEQY,mTRBV29*01,104,284,16,196,mTRBD1*01,4,9,197,202,mTRBJ2-7*01,0,47,205,252,mTRBC2*03,0,31,252,283,tgctcttccgatctgttcgacaagaccctggtCTGGGGCTACAGCTGATTTATATCTCATACGATGTTGATAGTAACAGCGAAGGAGACATCCCTAAAGGATACAGGGTCTCACGGAAGAAGCGGGAGCATTTCTCCCTGATTCTGGATTCTGCTAAAACAAACCAGACATCTGTGTACTTCTGTGCTAGCAGTTTCCAGGGCGTCTCCTATGAACAGTACTTCGGTCCCGGCACCAGGCTCACGGTTTTAGAGGATCTGAGAAATGTGACTCCACCCAAGGTtggacggtcgtcaacc,GCTAGCAGTTTCCAGGGCGTCTCCTATGAACAGTAC,6
ASSVGQGNTEVF,mTRBV13-3*01,112,283,0,171,mTRBD1*01,0,9,172,181,mTRBJ1-1*01,2,48,182,228,mTRBC2*03,0,31,300,331,acacggggcatgggctgaggctgatccattactcatatgtcgctgacaGCACGGAGAAAGGAGATATCCCTGATGGGTACAAGGCCTCCAGACCAAGCCAAGAGAATTTCTCTCTCATTCTGGAGTTGGCTTCCCTTTCTCAGACAGCTGTATATTTCTGTGCCAGCAGTGTGGGACAGGGTAACACAGAAGTCTTCTTTGGTAAAGGAACCAGACTCACAGTTGTAGGATTGCGGCTTTCCTATGCAAGCCACCACAGCTCTCTTACATCTCAGTGTAGGAGtgaatgtggaacatcagaggatctgagaaatgtgactccacccaaggt,GCCAGCAGTGTGGGACAGGGTAACACAGAAGTCTTC,14
ASSSGLGGDLY,mTRBV4*01,105,283,20,198,mTRBD2*01,0,12,199,211,mTRBJ2-4*01,11,49,214,252,mTRBC2*03,0,31,252,283,cgtgtgctcttccgatctgaaagcaagactctaagaAATTGCTGAAGATTATGTTTAGCTACAATAATAAGCAACTCATTGTAAACGAAACAGTTCCAAGGCGCTTCTCACCTCAGTCTTCAGATAAAGCTCATTTGAATCTTCGAATCAAGTCTGTAGAGCCGGAGGACTCTGCTGTGTATCTCTGTGCCAGCAGCTCGGGACTGGGGGGTGACTTGTACTTTGGTGCGGGCACCCGACTATCGGTGCTAGAGGATCTGAGAAATGTGACTCCACCCAAGGTtggacggttaagcacaatagatcggaagagcgtcgt,GCCAGCAGCTCGGGACTGGGGGGTGACTTGTAC,14
ASGDTVSNERLF,mTRBV13-2*04,91,279,2,190,-,-,-,-,-,mTRBJ1-4*02,0,51,194,245,mTRBC2*03,0,31,245,276,gcactggtatcggcaggACACGGGGCATGGGCTGAGGCTGATCCATTATTCATATGGTGCTGGCAGCACTGAGAAAGGAGATATCCCTGATGGATACAAGGCCTCCAGACCAAGCCAAGAGAACTTCTCCCTCATTCTGGAGTTGGCTACCCCCTCTCAGACATCAGTGTACTTCTGTGCCAGCGGTGATACGGTTTCCAACGAAAGATTATTTTTCGGTCATGGAACCAAGCTGTCTGTCCTGGAGGATCTGAGAAATGTGACTCCACCCAAGGTtggacg,GCCAGCGGTGATACGGTTTCCAACGAAAGATTATTT,12
ASSRTEISNERLF,mTRBV12-1*01,105,283,14,192,-,-,-,-,-,mTRBJ1-4*02,0,51,201,252,mTRBC2*03,0,31,252,283,tcttccgatcttatcagcagactctggggAAGGAATTAAAGTTCCTTATTCAGCATTATGAAAAGGTGGAGAGAGACAAAGGATTCCTACCCAGCAGATTCTCAGTCCAACAGTTTGATGACTATCACTCTGAAATGAACATGAGTGCCTTGGAACTGGAGGACTCTGCTATGTACTTCTGTGCCAGCTCTCGCACAGAAATTTCCAACGAAAGATTATTTTTCGGTCATGGAACCAAGCTGTCTGTCCTGGAGGATCTGAGAAATGTGACTCCACCCAAGGTtggacggtcacattaatcagatcggaaga,GCCAGCTCTCGCACAGAAATTTCCAACGAAAGATTATTT,7
ASSLRDRFYEQY,mTRBV14*01,113,284,22,193,mTRBD1*01,0,7,198,205,mTRBJ2-7*01,3,47,208,252,mTRBC2*03,0,31,252,283,tcttccgatctccaggtaccagcagaaacCAGGGGCCCCAGCTTCTAGTTTACTTTCGGGATGAGGCTGTTATAGATAATTCACAGTTGCCCTCGGATCGATTTTCTGCTGTGAGGCCTAAAGGAACTAACTCCACTCTCAAGATCCAGTCTGCAAAGCAGGGCGACACAGCCACCTATCTCTGTGCCAGCAGCCTCCGGGACAGATTCTATGAACAGTACTTCGGTCCCGGCACCAGGCTCACGGTTTTAGAGGATCTGAGAAATGTGACTCCACCCAAGGTtggacggtctgaaagattagatcggaaga,GCCAGCAGCCTCCGGGACAGATTCTATGAACAGTAC,1
ASSSTGQNTEVF,mTRBV4*01,106,283,18,195,mTRBD1*01,2,8,196,202,mTRBJ1-1*01,1,48,205,252,mTRBC2*03,0,31,252,283,gtgctcttccgatctgctagcaagactctaagaAATTGCTGAAGATTATGTTTAGCTACAATAATAAGCAACTCATTGTAAACGAAACAGTTCCAAGGCGCTTCTCACCTCAGTCTTCAGATAAAGCTCATTTGAATCTTCGAATCAAGTCTGTAGAGCCGGAGGACTCTGCTGTGTATCTCTGTGCCAGCAGCTCGACAGGCCAAAACACAGAAGTCTTCTTTGGTAAAGGAACCAGACTCACAGTTGTAGAGGATCTGAGAAATGTGACTCCACCCAAGGTtggacggtccgaacggacagatcggaagagcg,GCCAGCAGCTCGACAGGCCAAAACACAGAAGTCTTC,4
ASSLRDRPYEQY,mTRBV14*01,103,284,0,181,mTRBD1*01,0,7,186,193,mTRBJ2-7*01,2,47,195,240,mTRBC2*03,0,31,240,271,atcagcagcccagagACCAGGGGCCCCAGCTTCTAGTTTACTTTCGGGATGAGGCTGTTATAGATAATTCACAGTTGCCCTCGGATCGATTTTCTGCTGTGAGGCCTAAAGGAACTAACTCCACTCTCAAGATCCAGTCTGCAAAGCAGGGCGACACAGCCACCTATCTCTGTGCCAGCAGCCTCCGGGACAGACCCTATgaacagtacttcggtcccggcaccaggctcacggttttagaggatctgagaaatgtgactccacccaaggt,GCCAGCAGCCTCCGGGACAGACCCTATgaacagtac,3
TCSAGSSAETLY,mTRBV1*01,101,284,13,196,-,-,-,-,-,mTRBJ2-3*01,0,49,203,252,mTRBC2*03,0,31,252,283,gtgctcttccgatctggtatcagcaggatctccAAAAGCAACTACAGTGGCTGTTCACTCTGCGGAGTCCTGGGGACAAAGAGGTCAAATCTCTTCCCGGTGCTGATTACCTGGCCACACGGGTCACTGATACGGAGCTGAGGCTGCAAGTGGCCAACATGAGCCAGGGCAGAACCTTGTACTGCACCTGCAGTGCTGGGTCTAGTGCAGAAACGCTGTATTTTGGCTCAGGAACCAGACTGACTGTTCTCGAGGATCTGAGaaatgtgactccacccaaggt,ACCTGCAGTGCTGGGTCTAGTGCAGAAACGCTGTAT,3
ASSLQGRLF,mTRBV19*03,102,282,23,203,mTRBD1*01,3,10,205,212,mTRBJ1-4*02,11,51,212,252,mTRBC2*03,0,31,252,283,agacgtgtgctcttccgatcttataccgacaggattcagGGAAAGGATTGAGACTGATCTACTATTCAATAACTGAAAACGATCTTCAAAAAGGCGATCTATCTGAAGGCTATGATGCGTCTCGAGAGAAGAAGTCATCTTTTTCTCTCACTGTGACATCTGCCCAGAAGAACGAGATGGCCGTTTTTCTCTGTGCCAGCAGTCTACAGGGGAGATTATTTTTCGGTCATGGAACCAAGCTGTCTGTCCTGGAGGATCTGAGAAATGTGACTCCacccaaggt,GCCAGCAGTCTACAGGGGAGATTATTT,13
ASSQAQGNTEVF,mTRBV5*01,101,283,13,195,mTRBD1*01,3,9,196,202,mTRBJ1-1*01,1,48,202,249,mTRBC2*03,0,31,249,280,tcttccgatctcgtaaacagagcgctgagAAGCCGCCAGAGCTCATGTTTCTCTACAATCTTAAACAGTTGATTCGAAATGAGACGGTGCCCAGTCGTTTTATACCTGAATGCCCAGACAGCTCCAAGCTACTTTTACATATATCTGCCGTGGATCCAGAAGACTCAGCTGTCTATTTTTGTGCCAGCAGCCAAGCACAGGGAAACACAGAAGTCTTCTTTGGTAAAGGAACcagactcacagttgtagaggatctgagaaatgtgactccacccaaggt,GCCAGCAGCCAAGCACAGGGAAACACAGAAGTCTTC,15
ASRSTGGNTEVF,mTRBV14*01,103,284,12,193,mTRBD1*01,2,11,196,205,mTRBJ1-1*01,2,48,206,252,mTRBC2*03,0,31,252,283,ttccgatctttcatcagcagcccagagACCAGGGGCCCCAGCTTCTAGTTTACTTTCGGGATGAGGCTGTTATAGATAATTCACAGTTGCCCTCGGATCGATTTTCTGCTGTGAGGCCTAAAGGAACTAACTCCACTCTCAAGATCCAGTCTGCAAAGCAGGGCGACACAGCCACCTATCTCTGTGCCAGCAGATCGACAGGGGGGAACACAGAAGTCTTCTTTGGTAAAGGAACCAGACTCACAGTTGTAGAGGATCTGAGAAATGTGACTCCACCCAAGGTtggacgg,GCCAGCAGATCGACAGGGGGGAACACAGAAGTCTTC,13
ASSQDLGATEVF,mTRBV5*01,101,284,16,199,mTRBD2*01,4,11,200,207,mTRBJ1-1*01,4,48,208,252,mTRBC2*03,0,31,252,283,tgctcttccgatcttttaaacagagcgctgagAAGCCGCCAGAGCTCATGTTTCTCTACAATCTTAAACAGTTGATTCGAAATGAGACGGTGCCCAGTCGTTTTATACCTGAATGCCCAGACAGCTCCAAGCTACTTTTACATATATCTGCCGTGGATCCAGAAGACTCAGCTGTCTATTTTTGTGCCAGCAGCCAAGATCTGGGGGCCACAGAAGTCTTCTTTGGTAAAGGAACCAGACTCACAGTTGTAGAGGATCTGAGAAATGTGACTCCACCCAaggt,GCCAGCAGCCAAGATCTGGGGGCCACAGAAGTCTTC,18
TCSAGSSAETLY,mTRBV1*01,105,284,17,196,-,-,-,-,-,mTRBJ2-3*01,0,49,203,252,mTRBC2*03,0,31,252,283,gtgctcttccgatctgatatcagcaggatctccAAAAGCAACTACAGTGGCTGTTCACTCTGCGGAGTCCTGGGGACAAAGAGGTCAAATCTCTTCCCGGTGCTGATTACCTGGCCACACGGGTCACTGATACGGAGCTGAGGCTGCAAGTGGCCAACATGAGCCAGGGCAGAACCTTGTACTGCACCTGCAGTGCGGGCAGTAGTGCAGAAACGCTGTATTTTGGCTCAGGAACCAGACTGACTGTTCTCGAGGATCTGAGAAATGTGACTCCACCCAAGGTtggacggttataagtcagagatcggaagagcgt,ACCTGCAGTGCGGGCAGTAGTGCAGAAACGCTGTAT,10
ASSQTGSGNTLY,mTRBV16*01,95,285,4,194,-,-,-,-,-,mTRBJ1-3*01,0,50,202,252,mTRBC2*03,0,31,252,283,tgactttctggtacagacaGACCATTGTGCAGGGCCTGGAGTTCCTGACTTACTTTCGAAATCAAGCTCCTATAGATGATTCAGGGATGCCCAAGGAACGATTCTCAGCTCAGATGCCCAATCAGTCGCACTCAACTCTGAAGATCCAGAGCACGCAACCCCAGGACTCAGCGGTGTATCTTTGTGCAAGCAGCCAAACGGGTTCTGGAAATACGCTCTATTTTGGAGAAGGAAGCCGGCTCATTGTTGTAGAGGATCTGAGAAATGTGACTCCACCCAAGGTtggacggtaaatata,GCAAGCAGCCAAACGGGTTCTGGAAATACGCTCTAT,7
ASSIGGAGSDYT,mTRBV19*01,101,286,13,198,mTRBD2*01,7,14,198,205,mTRBJ1-2*01,4,48,208,252,mTRBC2*03,0,31,252,283,ctcttccgatcttgtaccgacaggattcagGGAAAGGATTGAGACTGATCTACTATTCAATAACTGAAAACGATCTTCAAAAAGGCGATCTATCTGAAGGCTATGATGCGTCTCGAGAGAAGAAGTCATCTTTTTCTCTCACTGTGACATCTGCCCAGAAGAACGAGATGGCCGTTTTTCTCTGTGCCAGCAGTATAGGGGGGGCCGGCTCCGACTACACCTTCGGCTCAGGGACCAGgcttttggtaatagaggatctgagaaatgtgactccacccaaggt,GCCAGCAGTATAGGGGGGGCCGGCTCCGACTACACC,4
ASSRDWGGNYAEQF,mTRBV14*01,102,284,4,186,mTRBD2*01,0,13,188,201,mTRBJ2-1*01,1,50,202,251,mTRBC2*03,0,31,251,282,ctaatatcagcagcccagagACCAGGGGCCCCAGCTTCTAGTTTACTTTCGGGATGAGGCTGTTATAGATAATTCACAGTTGCCCTCGGATCGATTTTCTGCTGTGAGGCCTAAAGGAACTAACTCCACTCTCAAGATCCAGTCTGCAAAGCAGGGCGACACAGCCACCTATCTCTGTGCCAGCAGCAGGGACTGGGGGGGGAACTATGCTGAGCAGTTCTTCGGACCAGGGACACGACTCACCGTCCTAGAGGATCTGAGAAATGTGACTCCACCCAAGGTtggacggtagacagacgaaga,GCCAGCAGCAGGGACTGGGGGGGGAACTATGCTGAGCAGTTC,8
ASSQPQISGNTLY,mTRBV5*04,101,282,13,194,-,-,-,-,-,mTRBJ1-3*01,0,50,202,252,mTRBC2*03,0,31,252,283,tcttccgatcttgtaaacagagcgctgagAAGCCGCCAGAGCTCATGTTTCTCTACAATCTTAAACAGTTGATTCGAAATGAGACGGTGCCCAGTCGTTTTATACCTGAATGCCCAGACAGCTCCAAGCTACTTTTACATATATCTGCCGTGGATCCAGAAGACTCAGCTGTCTATTTTTGTGCCAGCAGCCAACCCCAAATTTCTGGAAATACGCTCTATTTTGGAGAAGGAAGCCGGCTCATTGTTGTAGAGGATCTGAGAAATGTGACTCCACCCAAGGTtggacggttatatcatatagatcggaaga,GCCAGCAGCCAACCCCAAATTTCTGGAAATACGCTCTAT,5
ASGDGNANSDYT,mTRBV13-2*04,88,278,6,196,-,-,-,-,-,mTRBJ1-2*01,0,48,204,252,mTRBC2*03,0,31,252,283,cgatcttgtactggtatcggcaggACACGGGGCATGGGCTGAGGCTGATCCATTATTCATATGGTGCTGGCAGCACTGAGAAAGGAGATatccctgatggatacaaggcctccagaccaagccaagagaacttctccctcattctggagttggctaccccctctcagacatcagtgtacttctgtgccagcggtgacgggaatgcaaactccgactacaccttcggctcagggaccaggcttttggtaatagaggatctgagaaatgtgactccacccaaggt,gccagcggtgacgggaatgcaaactccgactacacc,8
ASSFVRANTEVF,mTRBV29*01,104,284,16,196,mTRBD1*01,4,9,199,204,mTRBJ1-1*01,0,48,204,252,mTRBC2*03,0,31,252,283,tgctcttccgatcttttcgacaagaccctggtCTGGGGCTACAGCTGATTTATATCTCATACGATGTTGATAGTAACAGCGAAGGAGACATCCCTAAAGGATACAGGGTCTCACGGAAGAAGCGGGAGCATTTCTCCCTGATTCTGGATTCTGCTAAAACAAACCAGACATCTGTGTACTTCTGTGCTAGCAGTTTTGTCAGGGCAAACACAGAAGTCTTCTTTGGTAAAGGAACCAGACTCACAGTTGTAGAGGATCTGAGAAATGTGACTCCACCCAAGGTtggacggtacgggaacctagatcggaagagcg,GCTAGCAGTTTTGTCAGGGCAAACACAGAAGTCTTC,9
ASSLFNQDTQY,mTRBV29*01,104,286,19,201,-,-,-,-,-,mTRBJ2-5*01,0,49,203,252,mTRBC2*03,0,31,252,283,gtgtgctcttccgatctactcgacaagaccctggtCTGGGGCTACAGCTGATTTATATCTCATACGATGTTGATAGTAACAGCGAAGGAGACATCCCTAAAGGATACAGGGTCTCACGGAAGAAGCGGGAGCATTTCTCCCTGATTCTGGATTCTGCTAAAACAAACCAGACATCTGTGTACTTCTGTGCTAGCAGTTTATTTAACCAAGACACCCAGTACTTTGGGCCAGGCACTCGGCTCCTCGTGTTAGAGGATCTGAGAAATGTGACTCCACCCAAGGTtggacggttgaccgc,GCTAGCAGTTTATTTAACCAAGACACCCAGTAC,3
ASSFPDRGHGQNTLY,mTRBV16*01,100,287,0,187,mTRBD1*01,1,12,190,201,mTRBJ2-4*01,1,49,204,252,mTRBC2*03,0,31,252,283,ggtacagacaGACCATTGTGCAGGGCCTGGAGTTCCTGACTTACTTTCGAAATCAAGCTCCTATAGATGATTCAGGGATGCCCAAGGAACGATTCTCAGCTCAGATGCCCAATCAGTCGCACTCAACTCTGAAGATCCAGAGCACGCAACCCCAGGACTCAGCGGTGTATCTTTGTGCAAGCAGCTTCCCGGACAGGGGGCACGGTCAAAACACCTTGTACTTTGGTGCGGGCACCCGACTATCGGTGCTAGAGGATCTGAGAAATGTGACTCCACCCAAGGTtggacggtg,GCAAGCAGCTTCCCGGACAGGGGGCACGGTCAAAACACCTTGTAC,6
ASSDSISGNTLY,mTRBV13-1*02,97,285,9,197,-,-,-,-,-,mTRBJ1-3*01,0,50,202,252,mTRBC2*03,0,31,252,283,cgatctgtgactggtatcggcaggACACTGGGCATGGGCTGAGGCTGATCCATTACTCATATGGTGCTGGCAACCTTCAAATAGGAGATGTCCCTGATGGGTACAAGGCCACCAGAACAACGCAAGAAGACTTCTTCCTCCTGCTGGAATTGGCTTCTCCCTCTCAGACATCTTTGTACTTCTGTGCCAGCAGTGATTCTATTTCTggaaatacgctctattttggagaaggaagccggctcattgttgtagaggatctgagaaatgtgactccacccaaggt,GCCAGCAGTGATTCTATTTCTggaaatacgctctat,9
ASSQDLGTEVF,mTRBV5*01,101,284,19,202,-,-,-,-,-,mTRBJ1-1*01,4,48,208,252,mTRBC2*03,0,31,252,283,gtgtgctcttccgatctggtaaacagagcgctgagAAGCCGCCAGAGCTCATGTTTCTCTACAATCTTAAACAGTTGATTCGAAATGAGACGGTGCCCAGTCGTTTTATACCTGAATGCCCAGACAGCTCCAAGCTACTTTTACATATATCTGCCGTGGATCCAGAAGACTCAGCTGTCTATTTTTGTGCCAGCAGCCAAGATCTAGGCACAGAAGTCTTCTTTGGTAAAGGAACCAGACTCACAGTTGTAGAGGATCTGAGAAATGTGACTCCACCCAAGGTtggacggtacctgagaatagatcggaagagcgtcg,GCCAGCAGCCAAGATCTAGGCACAGAAGTCTTC,22
ASSPGQNSDYT,mTRBV12-1*01,105,283,20,198,mTRBD1*01,1,6,200,205,mTRBJ1-2*01,1,48,205,252,mTRBC2*03,0,31,252,283,gtgtgctcttccgatctaggcagcagactctggggAAGGAATTAAAGTTCCTTATTCAGCATTATGAAAAGGTGGAGAGAGACAAAGGATTCCTGCCCAGCAGATTCTCAGTCCAACAGTTTGATGACTATCACTCTGAGATGAACATGAGTGCCTTGGAGCTAGAGGACTCTGCCGTGTACTTCTGTGCCAGCTCTCCCGGACAAAACTCCGACTACACCTTCGGCTCAGGGACCAGGCTTTTGGTAAtagaggatctgagaaatgtgactccacccaaggt,GCCAGCTCTCCCGGACAAAACTCCGACTACACC,1
ASSPTGNYAEQF,mTRBV15*01,95,285,4,194,mTRBD2*01,2,9,196,203,mTRBJ2-1*01,1,50,203,252,mTRBC2*03,0,31,252,283,tggctttctggtacagacaGACCAAGATACAGGGACTAGAGTTGCTGAGCTACTTCCGCAGCAAGTCTCTTATGGAAGATGGTGGGGCTTTCAAGGATCGATTCAAAGCTGAGATGCTAAATTCATCCTTCTCCACTCTGAAGATTCAACCTACAGAACCCAAGGACTCAGCTGTGTATCTGTGTGCCAGCAGTCCGACTGGGAACTATGCTGAGCAGTTCTTCGGACCAGGGACACGACTCACCGTCCTAGAGGATCTGAGAAATGTGACTCCACCCaaggt,GCCAGCAGTCCGACTGGGAACTATGCTGAGCAGTTC,1
ASSDDNYAEQF,mTRBV13-1*02,95,286,10,201,-,-,-,-,-,mTRBJ2-1*01,1,50,203,252,mTRBC2*03,0,31,252,283,ttccgatctagtactggtatcggcaggACACTGGGCATGGGCTGAGGCTGATCCATTACTCATATGGTGCTGGCAACCTTCAAATAGGAGATGTCCCTGATGGGTACAAGGCCACCAGAACAACGCAAGAAGACTTCTTCCTCCTGCTGGAATTGGCTTCTCCCTCTCAGACATCTTTGTACTTCTGTGCCAGCAGTGATGACAACTATGCTGAGCAGTTCTTCGGACCAGGGACACGACTCACCGTCCTAGAGGATCTGAGAAATGTGACTCCACCCAAGGTtggacggtaacaaagacaagatcgg,GCCAGCAGTGATGACAACTATGCTGAGCAGTTC,15
ASSSGLGGEQF,mTRBV4*01,106,283,21,198,mTRBD2*01,0,12,199,211,mTRBJ2-1*01,9,50,211,252,mTRBC2*03,0,31,252,283,cgtgtgctcttccgaactagcagcaagactctaagaAATTGCTGAAGATTATGTTTAGCTACAATAATAAGCAACTCATTGTAAACGAAACAGTTCCAAGGCGCTTCTCACCTCAGTCTTCAGATAAAGCTCATTTGAATCTTCGAATCAAGTCTGTAGAGCCGGAGGACTCTGCTGTGTATCTCTGTGCCAGCAGCTCGGGACTGGGGGGTGAGCAGTTCTTCGGAccagggacacgactcaccgtcctagaggatctgagaaatgtgactccacccaaggt,GCCAGCAGCTCGGGACTGGGGGGTGAGCAGTTC,3
ASSLGGNQDTQY,mTRBV3*01,104,289,12,197,mTRBD2*01,6,11,197,202,mTRBJ2-5*01,0,49,202,251,mTRBC2*03,0,31,251,282,cttccgatctgttaaacagattttaggaCAGCAGATGGAGTTTCTGGTTAATTTCTACAATGGTAAAGTCATGGAGAAGTCTAAACTGTTTAAGGATCAGTTTTCAGTTGAAAGACCAGATGGTTCATATTTCACTCTGAAAATCCAACCCACAGCACTGGAGGACTCAGCTGTGTACTTCTGTGCCAGCAGCTTAGGGGGGAACCAAGACACCCAGTACTTTGGGCCAGGCACTCGGCTCCTCGTGTTAGAGGATCTGAGAAATGTGACTCCACCCAAGGTtggacggtcagcccgaggag,GCCAGCAGCTTAGGGGGGAACCAAGACACCCAGTAC,7
ASSLDWGASYEQY,mTRBV16*01,96,290,0,194,mTRBD2*01,4,12,194,202,mTRBJ2-7*01,0,47,203,250,mTRBC2*03,0,31,250,281,ttctggtacagacaGACCATTGTGCAGGGCCTGGAGTTCCTGACTTACTTTCGAAATCAAGCTCCTATAGATGATTCAGGGATGCCCAAGGAACGATTCTCAGCTCAgatgcccaatcagtcgcactcaactctgaagacccagagcacgcaaccccaggactcagcggtgtatctttgtgcaagcagcttagactggggggcctcctatgaacagtacttcggtcccggcaccaggctcacggttttagaggatctgagaaatgtgactccacccaaggt,gcaagcagcttagactggggggcctcctatgaacagtac,3
ASSWWGGADAETLY,mTRBV19*03,103,282,7,186,mTRBD2*01,5,14,189,198,mTRBJ2-3*01,2,49,203,250,mTRBC2*03,0,31,250,281,atctctaaccgacaggattcagGGAAAGGATTGAGACTGATCTACTATTCAATAACTGAAAACGATCTTCAAAAAGGCGATCTATCTGAAGGCTATGATGCGTCTCGAGAGAAGaagtcatctttttctctcactgtgacatctgcccagaagaacgagatggccgtttttctctgtgccagcagttggtgggggggcgctgatgcagaaacgctgtattttggctcaggaaccagactgactgttctcgaggatctgagaaatgtgactccacccaaggt,gccagcagttggtgggggggcgctgatgcagaaacgctgtat,6
AWSLDRNYAEQF,mTRBV31*01,101,284,1,184,mTRBD1*01,1,7,184,190,mTRBJ2-1*01,1,50,191,240,mTRBC2*03,0,31,240,271,tctggtactggcaggccacagGAGGCACCCTCCAGCAACTCTTCTACTCTATTACTGTTGGCCAGGTAGAGTCGGTGGTGCAACTGAACCTCTCAGCTTCCAGGCCgaaggacgaccaattcatcctaagcacggagaagctgcttctcagccactctggcttctacctctgtgcctggagtctggacagaaactatgctgagcagttcttcggaccagggacacgactcaccgtcctagaggatctgagaaatgtgactccacccaaggt,gcctggagtctggacagaaactatgctgagcagttc,13
ASSRGRGQDTQY,mTRBV5*04,117,280,0,163,mTRBD1*01,4,11,167,174,mTRBJ2-5*01,3,49,174,220,mTRBC2*03,0,31,220,251,aagccgccagagctcatgtttctctacaatcttaaacaGTTGATTCGAAATGAGACGGTGCCCAGTCGTTTTATACCTGAATGCCCAGACAGCTCCAAGCTACTTTTACATATATCTGCCGTGGATCCAGAAGACTCAGCTGTCTATTTTTGTGCCAGCAGCCGAGGCAGGGGGCAAGACACCCAGTACTTTGGGCCAGGCACTCGGCTCCTCGTGTTagaggatctgagaaatgtgactccacccaaggt,GCCAGCAGCCGAGGCAGGGGGCAAGACACCCAGTAC,1
ASSPGGAQNTLY,mTRBV19*03,102,282,14,194,mTRBD2*01,4,14,195,205,mTRBJ2-4*01,3,49,206,252,mTRBC2*03,0,31,252,283,ctcttccgatctgataccgacaggattcagGGAAAGGATTGAGACTGATCTACTATTCAATAACTGAAAACGATCTTCAAAAAGGCGATCTATCTGAAGGCTATGATGCGTCTCGAGAGAAGaagtcatctttttctctcactgtgacatctgcccagaagaacgagatggccgtttttctctgtgccagcagtcctgggggggcccaaaacaccttgtactttggtgcgggcacccgactatcggtgctagaggatctgagaaatgtgactccacccaaggt,gccagcagtcctgggggggcccaaaacaccttgtac,10
ASSDGGGPSDYT,mTRBV13-3*01,96,286,8,198,mTRBD1*01,5,12,199,206,mTRBJ1-2*01,4,48,208,252,mTRBC2*03,0,31,252,283,cgatctactactggtatcggcaggACACGGGGCATGGGCTGAGGCTGATCCATTACTCATATGTCGCTGACAGCACGGAGAAAGGAGATATCCCTGATGGGTACAAGGCCTCCAGACCAAGCCAAGAGAATTTCTCTCTCATTCTGGAGTTGGCTTCCCTTTCTCAGACAGCTGTATATTTCTGTGCCAGCAGTGATGGAGGGGGCCCCTCCGACTACACCTTCGGCTCAGGGACCAGGCTTTTGGTAATAGAGGATCTGAGAAATGTGACTCCACCCAAGGTtggacggttattagcataagatcg,GCCAGCAGTGATGGAGGGGGCCCCTCCGACTACACC,16
ASSQEDNYAEQF,mTRBV2*01,105,287,17,199,-,-,-,-,-,mTRBJ2-1*01,1,50,203,252,mTRBC2*03,0,31,252,283,tgctcttccgatctctcagacaaagtgctaagAAGCCTCTAGAGTTCATGTTTTCCTACAGCTATCAAAAACTTATGGACAATCAGACTGCCTCAAGTCGCTTCCAACCTCAAAGTTCAAAGAAAAACCATTTAGACCTTCAGATCACAGCTCTAAAGCCTGATGACTCGGCCACATACTTCTGTGCCAGCAGCCAAGAGGACAACTATGCTGAGCAGTTCTTCGGACCAGGGACACGACTCACCGTCCTAGAGGATCTGAGAAATGTGACTccacccaaggt,GCCAGCAGCCAAGAGGACAACTATGCTGAGCAGTTC,4
ASSSTAANTEVF,mTRBV4*01,104,283,16,195,mTRBD1*01,2,7,196,201,mTRBJ1-1*01,0,48,204,252,mTRBC2*03,0,31,252,283,gtgctcttccgatcttcaagcaagactctaagaAATTGCTGAAGATTATGTTTAGCTACAATAATAAGCAACTCATTGTAAACGAAACAGTTCCAAGGCGCTTCTCACCTCAGTCTTCAGATAAAGCTCATTTGAATCTTCGAATCAAGTCTGTAGAGCCGGAGGACTCTGCTGTGTATCTCTGTGCCAGCAGCTCGACAGCTGCAAACACAGAAGTCTTCTTTGGTAAAGGAACCAGACTCACAGTTGTAGAGGATCTGAGAAATGTGACTCCACCCAAGGT,GCCAGCAGCTCGACAGCTGCAAACACAGAAGTCTTC,10
ASSDHTNTEVF,mTRBV13-1*02,97,284,12,199,-,-,-,-,-,mTRBJ1-1*01,0,48,204,252,mTRBC2*03,0,31,252,283,ttccgatcttcgactggtatcggcaggACACTGGGCATGGGCTGAGGCTGATCCATTACTCATATGGTGCTGGCAACCTTCAAATAGGAGATGTCCCTGATGGGTACAAGGCCACCAGAACAACGCAAGAAGACTTCTTCCTCCTGCTGGAATTGGCTTCTCCCTCTCAGACATCTTTGTACTTCTGTGCCAGCAGTGACCACACAAACACAGAAGTCTTCTTTGGTAAAGGAACCAGACTCACAGTTGTAGAGGATCTGAGAAATGTGACTCCACCCAAGGTtggacggtaattcctcacagatcggaa,GCCAGCAGTGACCACACAAACACAGAAGTCTTC,13
ASSPGQNSDYT,mTRBV12-2*01,101,283,7,189,mTRBD1*01,1,6,191,196,mTRBJ1-2*01,1,48,196,243,mTRBC2*03,0,31,243,274,cgatcttgtatcaacagactcaggGGCAGGAACTAAAGTTCTTCATTCAGCATTATGATAAAATGGAGAGAGATAAAGGAAACCTGCCCAGCAGATTCTCAGTCCAACAGTTTGATGACTATCACTCTGAGATGAACATGAGTGCCTTGGAGCTAGAGGACTCTGCCGTGTACTTCTGTGCCAGCTCTCCCGGACAAAACTCCGACTACACCTTCGGCTCAGGGACCAGGCTTTTGGTAATAGAGGATCTGAGAAATGTGACTCCACCCAAGGTtggacggtaata,GCCAGCTCTCCCGGACAAAACTCCGACTACACC,21
ASSQDRHYEQY,mTRBV2*01,104,287,19,202,-,-,-,-,-,mTRBJ2-7*01,3,47,208,252,mTRBC2*03,0,31,252,283,gtgtgctcttccgatcttttagacaaagtgctaagAAGCCTCTAGAGTTCATGTTTTCCTACAGCTATCAAAAACTTATGGACAATCAGACTGCCTCAAGTCGCTTCCAACCTCAAAGTTCAAAGAAAAACCATTTAGACCTTCAGATCACAGCTCTAAAGCCTGATGACTCGGCCACATACTTCTGTGCCAGCAGCCAAGATCGACACTATGAACAGTACTTCGGTCCCGGCACCAGGCTCACGGTTTTAGAGGATCTGAGAAATGTGACTCCACCCAAGGTtggacggtgccgtttcgaagatcggaagagcgtcg,GCCAGCAGCCAAGATCGACACTATGAACAGTAC,8
ASSRDWGTSAETLY,mTRBV16*01,97,285,0,188,mTRBD2*01,2,11,191,200,mTRBJ2-3*01,0,49,203,252,mTRBC2*03,0,31,252,283,tctggtacagacaGACCATTGTGCAGGGCCTGGAGTTCCTGACTTACTTTCGAAATCAAGCTCCTATAGATGATTCAGGGATGCCCAAGGAACGATTCTCAGCTCAGATGCCCAATCAGTCGCACTCAACTCTGAAGATCCAGAGCACGCAACCCCAGGACTCAGCGGTGTATCTTTGTGCAAGCAGCCGAGACTGGGGGACTAGTGCAGAAACGCTGTATTTTGGCTCAGGAACCAGACTGACTGTTCTCGAGGATCTGAGAAATGTGACTCCACCCAAGGTtggacggtagttc,GCAAGCAGCCGAGACTGGGGGACTAGTGCAGAAACGCTGTAT,2
ASSLDYGRGAETLY,mTRBV16*01,97,290,0,193,-,-,-,-,-,mTRBJ2-3*01,1,49,204,252,mTRBC2*03,0,31,252,283,tctggtacagacaGACCATTGTGCAGGGCCTGGAGTTCCTGACTTACTTTCGAAATCAAGCTCCTATAGATGATTCAGGGATGCCCAAGGAACGATTCTCAGCTCAGATGCCCAATCAGTCGCACTCAACTCTGAAGATCCAGAGCACGCAACCCCAGGACTCAGCGGTGTATCTTTGTGCAAGCAGCTTAGATTACGGGCGGGGTGCAGAAACGCTGTATTTTGGCTCAGGAACCAGACTGACTGTTCTCGAGGATCTGAGAAATGTGACTCCACCCAAGGTtggacggtttgcc,GCAAGCAGCTTAGATTACGGGCGGGGTGCAGAAACGCTGTAT,7
ASSSTGGNTEVF,mTRBV4*01,105,283,17,195,mTRBD1*01,2,11,196,205,mTRBJ1-1*01,1,48,205,252,mTRBC2*03,0,31,252,283,gtgctcttccgatctataagcaagactctaagaAATTGCTGAAGATTATGTTTAGCTACAATAATAAGCAACTCATTGTAAACGAAACAGTTCCAAGGCGCTTCTCACCTCAGTCTTCAGATAAAGCTCATTTGAATCTTCGAATCAAGTCTGTAGAGCCGGAGGACTCTGCTGTGTATCTCTGTGCCAGCAGCTCGACAGGGGGAAACACAGAAGTCTTCTTTGGTAAAGGAACCAGACTCACAGTTGTAGAGGATCTGAGAAATGTGACTCCACCCAAGgt,GCCAGCAGCTCGACAGGGGGAAACACAGAAGTCTTC,5
ASSLRDRDSDYT,mTRBV12-1*01,103,285,15,197,mTRBD1*01,0,9,198,207,mTRBJ1-2*01,3,48,207,252,mTRBC2*03,0,31,252,283,tgctcttccgatctaaccagcagactctggggAAGGAATTAAAGTTCCTTATTCAGCATTATGAAAAGGTGGAGAGAGACAAAGGATTCCTACCCAGCAGATTCTCAGTCCAACAGTTTGATGACTATCACTCTGAAATGAACATGAGTGCCTTGGAACTGGAGGACTCTGCTATGTACTTCTGTGCCAGCTCTCTCCGGGACAGGGACTCCGACTACACCTTCGGCTCAGGGACCAGGCTTTTGGTAATAGAGGATCTGAGAAATGTGACTCCACCCAAGGTtggacggtggggtctatcagatcggaagagcg,GCCAGCTCTCTCCGGGACAGGGACTCCGACTACACC,13
ASSYTGSNTEVF,mTRBV4*01,105,284,17,196,mTRBD1*01,3,9,197,203,mTRBJ1-1*01,0,48,204,252,mTRBC2*03,0,31,252,283,gtgctcttccgatcttaaagcaagactctaagaAATTGCTGAAGATTATGTTTAGCTACAATAATAAGCAACTCATTGTAAACGAAACAGTTCCAAGGCGCTTCTCACCTCAGTCTTCAGATAAAGCTCATTTGAATCTTCGAATCAAGTCTGTAGAGCCGGAGGACTCTGCTGTGTATCTCTGTGCCAGCAGCTATACAGGGTCAAACACAGAAGTCTTCTTTGGTAAAGGAACCAGACTCACAGTTGTAGAGGATCTGAGAAATGTGACTCCACCCAAGGTtggacggtggcgatccttagatcggaagagcg,GCCAGCAGCTATACAGGGTCAAACACAGAAGTCTTC,61
ASSFGGNQDTQY,mTRBV29*01,103,284,15,196,mTRBD2*01,5,11,196,202,mTRBJ2-5*01,0,49,203,252,mTRBC2*03,0,31,252,283,tgctcttccgatctcatcgacaagaccctggtCTGGGGCTACAGCTGATTTATATCTCATACGATGTTGATAGTAACAGCGAAGGAGACATCCCTAAAGGATACAGGGTCTCACGGAAGAAGCGGGAGCATTTCTCCCTGATTCTGGATTCTGCTAAAACAAACCAGACATCTGTGTACTTCTGTGCTAGCAGTTTTGGGGGTAACCAAGACACCCAGTACTTTGGGCCAGGCACTCGGCTCCTCGTGTTAGaggatctgagaaatgtgactccacccaaggt,GCTAGCAGTTTTGGGGGTAACCAAGACACCCAGTAC,36
ASSWVQENTEVF,mTRBV4*01,106,283,18,195,mTRBD1*01,3,8,199,204,mTRBJ1-1*01,1,48,205,252,mTRBC2*03,0,31,252,283,gtgctcttccgatctaacagcaagactctaagaAATTGCTGAAGATTATGTTTAGCTACAATAATAAGCAACTCATTGTAAACGAAACAGTTCCAAGGCGCTTCTCACCTCAGTCTTCAGATAAAGCTCATTTGAATCTTCGAATCAAGTCTGTAGAGCCGGAGGACTCTGCTGTGTATCTCTGTGCCAGCAGCTGGGTACAGGAAAACACAGAAGTCTTCTTTGGTAAAGGAACCAGACTCACAGTTGTAGAGGATCTGAGAAATGTGACTCCACCCAAGGTtggacggtccagtattgcagatcggaag,GCCAGCAGCTGGGTACAGGAAAACACAGAAGTCTTC,7
ASSDPGQNNQAPL,mTRBV13-1*02,95,285,3,193,mTRBD1*01,0,6,195,201,mTRBJ1-5*01,1,50,202,251,mTRBC2*03,0,31,251,282,ctagtactggtatcggcaggACACTGGGCATGGGCTGAGGCTGATCCATTACTCATATGGTGCTGGCAACCTTCAAATAGGAGATGTCCCTGATGGGTACAAGGCCACCAGAACAACGCAAGAAGACTTCTTCCTCCTGCTGGAATTGGCTTCTCCCTCTCAGACATCTTTGTACTTCTGTGCCAGCAGTGATCCGGGACAAAACAACCAGGCtccgctttttggagaggggactcgactctctgttctagaggatctgagaaatgtgactccacccaaggt,GCCAGCAGTGATCCGGGACAAAACAACCAGGCtccgctt,12
ASSFGLGVEQY,mTRBV4*01,105,283,19,197,mTRBD2*01,1,11,199,209,mTRBJ2-7*01,6,47,210,251,mTRBC2*03,0,31,251,282,gtgtgctcttccgatctataagcaagactctaagaAATTGCTGAAGATTATGTTTAGCTACAATAATAAGCAACTCATTGTAAACGAAACAGTTCCAAGGCGCTTCTCACCTCAGTCTTCAGATAAAGCTCATTTGAATCTTCGAATCAAGTCTGTAGAGCCGGAGGACTCTGCTGTGTATCTCTGTGCCAGCAGCTTTGGACTGGGGGTTGAACAGTACTTCGGTCCCGGCACCAGGCTCACGGTTTTAGAGGATCTGAGAAATGTGACTCCACCCAAGGTtggacggtcgttcgagttagatcggaagagcgtcgt,GCCAGCAGCTTTGGACTGGGGGTTGAACAGTAC,13
ASSFDWGVNQDTQY,mTRBV3*01,104,287,7,190,mTRBD2*01,2,12,191,201,mTRBJ2-5*01,0,49,203,252,mTRBC2*03,0,31,252,283,gatctggtaaacagattttaggaCAGCAGATGGAGTTTCTGGTTAATTTCTACAATGGTAAAGTCATGGAGAAGTCTAAACTGTTTAAGGATCAGTTTTCAGTTGAAAGACCAGATGGTTCATATTTCACTCTGAAAATCCAACCCACAGCACTGGAGGACTCAGCTGTGTACTTCTGTGCCAGCAGCTTTGACTGGGGGGTGAACCAAGACACCCAGTACTTTGGGCCAGGCACTCGGCTCCTCGTGTTAGAGGATCTGAGAAATGTGACTCCACCCAAGGTtggacggtcaggacaag,GCCAGCAGCTTTGACTGGGGGGTGAACCAAGACACCCAGTAC,4
ASKTGGDSDYT,mTRBV19*03,102,280,17,195,mTRBD1*01,2,11,196,205,mTRBJ1-2*01,3,48,207,252,mTRBC2*03,0,31,252,283,gtgctcttccgatctgataccgacaggattcagGGAAAGGATTGAGACTGATCTACTATTCAATAACTGAAAACGATCTTCAAAAAGGCGATCTATCTGAGGGCTATGATGCGTCTCGAGAGAAGAAGTCATCTTTTTCTCTCACTGTGACATCTGCCCAGAAGAACGAGATGGCCGTTTTTCTCTGTGCCAGCAAGACAGGGGGGGACTCCGACTACACCTTCGGCTCAGGGACCAGGCTTTTGGTAATAGAGGATCCGAGAAATGTGACTCCACCCAAGGTtggacggtactgttc,GCCAGCAAGACAGGGGGGGACTCCGACTACACC,2
ASSFPPGTTNTEVF,mTRBV16*01,97,287,0,190,mTRBD1*01,0,6,197,203,mTRBJ1-1*01,0,48,204,252,mTRBC2*03,1,31,253,283,tctggtacagacaGACCATTGTGCAGGGCCTGGAGTTCCTGACTTACTTTCGAAATCAAGCTCCTATAGATGATTCAGGGATGCCCAAGGAACGATTCTCAGCTCAGATGCCCAATCAGTCGCACTCAACTCTGAAGATCCAGAGCACGCAACCCCAGGACTCAGCGGTGTATCTTTGTGCAAGCAGCTTCCCCCCCGGGacaacaaacacagaagtcttctttggtaaaggaaccagactcacagttgtaggggatctgagaaatgtgactccacccaaggt,GCAAGCAGCTTCCCCCCCGGGacaacaaacacagaagtcttc,4
ASSLGVSNERLF,mTRBV3*01,102,289,10,197,-,-,-,-,-,mTRBJ1-4*02,0,51,200,251,mTRBC2*03,0,31,251,282,cttccgatcttataaacagattttaggaCAGCAGATGGAGTTTCTGGTTAATTTCTACAATGGTAAAGTCATGGAGAAGTCTAAACTGTTTAAGGATCAGTTTTCAGTTGAAAGACCAGATGGTTCATATTTCACTCTGAAAATCCAACCCACAGCACTGGAGGACTCAGCTGTGTACTTCTGTGCCAGCAGCTTAGGGGTTTCCAACGAAAGATTATTTTTCGGTCATGGAACCAAGCTGTCTGTCCTGGAGGATCTGAGAAATGTGACTCCACCCAAGGTtggacggtaacgcaacag,GCCAGCAGCTTAGGGGTTTCCAACGAAAGATTATTT,7
ASGDALGSETLY,mTRBV13-2*04,88,280,6,198,mTRBD2*01,3,10,199,206,mTRBJ2-3*01,4,49,207,252,mTRBC2*03,0,31,252,283,cgatcttgtactggtatcggcaggACACGGGGCATGGGCTGAGGCTGATCCATTATTCATATGGTGCTGGCAGCACTGAGAAAGGAGATATCCCTGATGGATACAAGGCCTCCAGACCAAGCCAAGAGAACTTCTCCCTCATTCTGGAGTTGGCTACCCCCTCTCAGACATCAGTGTACTTCTGTGCCAGCGGTGATGCACTGGGGTCAGAAACGCTGTATTTTGGCTCAGGAACCAGACTGACTGTTCTCGAGGATCTGAGAAATGTGACTCCACCCAAGGTtggacggtaccctgatatagatcg,GCCAGCGGTGATGCACTGGGGTCAGAAACGCTGTAT,19
ASSFEGANYAEQF,mTRBV14*01,98,288,4,194,mTRBD1*01,5,12,195,202,mTRBJ2-1*01,1,50,203,252,mTRBC2*03,0,31,252,283,cgatctggtatcagcagcccagagACCAGGGGCCCCAGCTTCTAGTTTACTTTCGGGATGAGGCTGTTATAGATAATTCACAGTTGCCCTCGGATCGATTTTCTGCTGTGAGGCCTAAAGGAACTAACTCCACTCTCAAGATCCAGTCTGCAAAGCAGGGCGACACAGCCACCTATCTCTGTGCCAGCAGTTTCGAGGGGGCGAACTATGCTGAGCAGTTCTTCGGACCAGGGACAcgactcaccgtcctagaggatctgagaaatgtgactccacccaaggt,GCCAGCAGTTTCGAGGGGGCGAACTATGCTGAGCAGTTC,7
ASSDHANTEVF,mTRBV13-1*02,96,284,11,199,-,-,-,-,-,mTRBJ1-1*01,0,48,204,252,mTRBC2*03,0,31,252,283,ttccgatctactactggtatcggcaggACACTGGGCATGGGCTGAGGCTGATCCATTACTCATATGGTGCTGGCAACCTTCAAATAGGAGATGTCCCTGATGGGTACAAGGCCACCAGAACAACGCAAGAAGACTTCTTCCTCCTGCTGGAATTGGCTTCTCCCTCTCAGACATCTTTGTACCTCTGTGCCAGCAGTGACCATGCAAACACAGAAGTCTTCTTTGGTAAAGGAACCAGACTCACAGTTGTAGAGGATCTGAGAAATGTGACTCCACCCAAGGTtggacggttgagcactctagatc,GCCAGCAGTGACCATGCAAACACAGAAGTCTTC,9
ASSFDRGYTEVF,mTRBV29*01,120,284,0,164,mTRBD1*01,2,10,165,173,mTRBJ1-1*01,3,48,175,220,mTRBC2*03,0,31,292,323,ctggggctacagctgatttatatctcatacgatgttgataGTAACAGCGAAGGAGACACCCCTAAAGGATACAGGGTCTCACGGAAGAAGCGGGAGCATTTCTCCCTGATTCTGGATTCTGCTAAAACAAACCAGACATCTGTGTACTTCTGTGCTAGCAGTTTCGACAGGGGTTACACAGAAGTCTTCTTTGGTAAAGGAACCAGACTCACAGTTGTAGGATTGCGGCTTTCCTATGCAAGCCACCACAGCTCTCTTACATCTcagtgtaggagtgaatgtggaacatcagaggatctgagaaatgtgactccacccaaggt,GCTAGCAGTTTCGACAGGGGTTACACAGAAGTCTTC,1
ASSQTGSGNTLY,mTRBV16*01,94,285,3,194,-,-,-,-,-,mTRBJ1-3*01,0,50,202,252,mTRBC2*03,0,31,252,283,tgattttctggtacagacaGACCATTGTGCAGGGCCTGGAGTTCCTGACTTACTTTCGAAATCAAGCTCCTATAGATGATTCAGGGATGCCCAAGGAACGATTCTCAGCTCAGATGCCCAATCAGTCGCACTCAACTCTGAAGATCCAGAGCACGCAACCCCAGGACTCAGCGGTGTATCTTTGTGCAAGCAGCCAGACGGGTTCTGGAAATACGCTCTATTTTGGGGAAGGAAGCCGGCTCATtattgtagaggatctgagaaatgtgactccacccaaggt,GCAAGCAGCCAGACGGGTTCTGGAAATACGCTCTAT,1
ASSYTGDNQAPL,mTRBV4*01,106,284,15,193,mTRBD1*01,3,10,194,201,mTRBJ1-5*01,2,50,201,249,mTRBC2*03,0,31,249,280,ctcttccgatctgttagcaagactctaagaAATTGCTGAAGATTATGTTTAGCTACAATAATAAGCAACTCATTGTAAACGAAACAGTTCCAAGGCGCTTCTCACCTCAGTCTTCAGATAAAGCTCATTTGAATCTTCGAATCAAGTCTGTAGAGCCGGAGGACTCTGCTGTGTATCTCTGTGCCAGCAGCTACACAGGGGACAACCAGGCTCCGCTTTTTGGAGAGGGGACTCGACTTTCTGTTCTAGAGGATCTGAGAAATGTGACTCCACCCAAGGTtggacggt,GCCAGCAGCTACACAGGGGACAACCAGGCTCCGCTT,4
ASSPDWGFNYAEQF,mTRBV15*01,97,284,0,187,mTRBD2*01,2,11,191,200,mTRBJ2-1*01,0,50,202,252,mTRBC2*03,0,31,252,283,tctggtacagacaGACCAAGATACAGGGACTAGAGTTGCTGAGCTACTTCCGCAGCAAGTCTCTTATGGAAGATGGTGGGGCTTTCAAGGATCGATTCAAAGCTGAGATGCTAAATTCATCCTTCTCCACTCTGAAGATTCAACCTACAGAACCCAAGGACTCAGCTGTGTATCTGTGTGCCAGCAGCCCCGACTGGGGGTTTAACTATGCTGAGCAGTTCTTCGGACCAGGGACACGACTCACCGTcctagaggatctgagaaatgtgactccacccaaggt,GCCAGCAGCCCCGACTGGGGGTTTAACTATGCTGAGCAGTTC,4
ASSDWDSTEVF,mTRBV13-1*02,96,285,11,200,mTRBD1*01,0,7,201,208,mTRBJ1-1*01,4,48,208,252,mTRBC2*03,0,31,252,283,ttccgatctcatactggtatcggcaggACACTGGGCATGGGCTGAGGCTGATCCATTACTCATATGGTGCTGGCAACCTTCAAATAGGAGATGTCCCTGATGGGTACAAGGCCACCAGAACAACGCAAGAAGACTTCTTCCTCCTGCTGGAATTGGCTTCTCCCTCTCAGACATCTTTGTACTTCTGTGCCAGCAGTGATTGGGACAGCACAGAAGTCTTCTTTGGTAAAGGAACCAGACTCACAGTTGTAGAGGATCTGAGAAATGTGACTCCACCCAAGGTtggacggtggtgcaagatagatcggaa,GCCAGCAGTGATTGGGACAGCACAGAAGTCTTC,18
ASSLGWNYAEQF,mTRBV3*01,104,289,13,198,-,-,-,-,-,mTRBJ2-1*01,1,50,203,252,mTRBC2*03,0,31,252,283,tcttccgatctattaaacagattttaggaCAGCAGATGGAGTTTCTGGTTAATTTCTACAATGGTAAAGTCATGGAGAAGTCTAAACTGTTTAAGGATCAGTTTTCAGTTGAAAGACCAGATGGTTCATATTTCACTCTGAAAATCCAACCCACAGCACTGGAGGACTCAGCTGTGTACTTCTGTGCCAGCAGCTTAGGCTGGAACTATGCTGAGCAGTTCTTCGGACCAGGGACACGACTCACCGTCCTAGAGGATCTGAGAAATGTGACTCCACCCAAGGTtggacggtggcccaggaaagatcggaaga,GCCAGCAGCTTAGGCTGGAACTATGCTGAGCAGTTC,4
TCSASTISNERLF,mTRBV1*01,101,284,10,193,-,-,-,-,-,mTRBJ1-4*02,0,51,201,252,mTRBC2*03,0,31,252,283,ctcttccgatctggtatcagcaggatctccAAAAGCAACTACAGTGGCTGTTCACTCTGCGGAGTCCTGGGGACAAAGAGGTCAAATCTCTTCCCGGTGCTGATTACCTGGCCACACGGGTCACTGATACGGAGCTGAGGCTGCAAGTGGCCAACATGAGCCAGGGCAGAACCTTGTACTGCACCTGCAGTGCTTCGACAATTTCCAACGAAAGATTATTTTTCGGTCATGGAACCAAGCTGTCTGTCCTGGAGGATCTGAGAAATGTGACTCCACCCAAGGTtggacggtcgccaagtagagatcggaagag,ACCTGCAGTGCTTCGACAATTTCCAACGAAAGATTATTT,7
ASSQDLGNTLY,mTRBV5*01,101,284,19,202,-,-,-,-,-,mTRBJ2-4*01,6,49,209,252,mTRBC2*03,0,31,252,283,gtgtgctcttccgatcttgtaaacagagcgctgagAAGCCGCCAGAGCTCATGTTTCTCTACAATCTTAAACAGTTGATTCGAAATGAGACGGTGCCCAGTCGTTTTATACCTGAATGCCCAGACAGCTCCAAGCTACTTTTACATATATCTGCCGTGGATCCAGAAGACTCAGCTGTCTATTTTTGTGCCAGCAGCCAAGATTTGGGTAACACCTTGTACTTTGGTGCGGGCACCCGACTATCGGTGCTAGAGGATCTGAGAAATGTGACTCCACCCAAGGTtggacggttactttcgcaagatcggaagagcgtcg,GCCAGCAGCCAAGATTTGGGTAACACCTTGTAC,7
ASSLDYGRGVETLY,mTRBV16*01,97,290,0,193,-,-,-,-,-,mTRBJ2-3*01,5,49,208,252,mTRBC2*03,0,31,252,283,tctggtacagacaGACCATTGTGCAGGGCCTGGAGTTCCTGACTTACTTTCGAAATCAAGCTCCTATAGATGGTTCAGGGATGCCCAAGGAACGATTCTCAGCTCAGATGCCCAATCAGTCGCACTCAACTCTGAAGATCCAGAGCACGCAACCCCAGGACTCAGCGGTGTATCTTTGTGCAAGCAGCTTAGATTACGGGCGGGGTGTAGAAACGCTGTATTTTGGCTCAGGAACCAGACTGACTGTTCTCGAGGATCTGAGAAATGTGACTCCACCCAAGGTtggacggttcgcc,GCAAGCAGCTTAGATTACGGGCGGGGTGTAGAAACGCTGTAT,1
ASSPWDGPYAEQF,mTRBV19*03,102,282,2,182,mTRBD2*01,0,5,186,191,mTRBJ2-1*01,3,50,196,243,mTRBC2*03,0,31,243,274,gttaccgacaggattcagGGAAAGGATTGAGACTGATCTACTATTCAATAACTGAAAACGATCTTCAAAAAGGCGATCTATCTGAAGGCTATGATGCGTCTCGAGAGAAGAAGTCATCTTTTTCTCTCACTGTGACATCTGCCCAGAAGAACGAGATGGCCGTTTTTCTCTGTGCCAGCAGTCCCTGGGACGGCCCCTATGCTGAGCAGTTCTTCGGACCAGGGACACGACTCACCGTCCTAGAGGATCTGAGAAATGTGACTCcacccaaggt,GCCAGCAGTCCCTGGGACGGCCCCTATGCTGAGCAGTTC,23
GARDQDNSNERLF,mTRBV20*01,106,293,6,193,mTRBD1*01,1,6,196,201,mTRBJ1-4*02,1,51,202,252,mTRBC2*03,0,31,252,283,tctaggatcgtcaatcgcctcAAAAGACATTTGAACTGATAGCACTTTCTACTGTGAACTCAGCAATCAAATATGAACAAAATTTTACCCAGGAAAAATTTCCCATCAGTCATCCCAACTTATCCTTTTCATCTATGACAGTTTTAAATGCATATCTTGAAGACAGAGGCTTATATCTCTGTGGTGCTAGGGATCAGGACAATTCCAACGAAAGATTATTTTTCGGTCATGGAACCAAGCTGTCTGTCCTGGAGGATCTGAGAAATGTGACTCCACCCAAGGTtggacggtggacagtgagaga,GGTGCTAGGGATCAGGACAATTCCAACGAAAGATTATTT,4
ASSLTGNTEVF,mTRBV29*01,103,284,18,199,-,-,-,-,-,mTRBJ1-1*01,1,48,205,252,mTRBC2*03,0,31,252,283,gtgtgctcttccgatctaatcgacaagaccctggtCTGGGGCTACAGCTGATTTATATCTCATACGATGTTGATAGTAACAGCGAAGGAGACATCCCTAAAGGATACAGGGTCTCACGGAAGAAGCGGGAGCATTTCTCCCTGATTCTGGATTCTGCTAAAACAAACCAGACATCTGTGTACTTCTGTGCTAGCAGTTTGACGGGAAACACAGAAGTCTTCTTTGGTAAAGGAACCAGACTCACAGTTGTAGAGGATCTGAGAAATGTGACTCCACCCAAGGTtggacggtaatccgacacagatcggaagagcgtcg,GCTAGCAGTTTGACGGGAAACACAGAAGTCTTC,5
ASSDLANTEVF,mTRBV13-1*02,97,284,12,199,-,-,-,-,-,mTRBJ1-1*01,0,48,204,252,mTRBC2*03,0,31,252,283,ttccgatctatgactggtatcggcaggACACTGGGCATGGGCTGAGGCTGATCCATTACTCATATGGTGCTGGCAACCTTCAAATAGGAGATGTCCCTGATGGGTACAAGGCCACCAGAACAACGCAAGAAGACTTCTTCCTCCTGCTGGAATTGGCTTCTCCCTCTCAGACATCTTTGTACCTCTGTGCCAGCAGTGACCTTGCAAACACAGAAGTCTTCTTTGGTAAAGGAACCAGACTCACAGTTGTAGAGGATCTGAGAAATGTGACTCCACCCAAGGTtggacggtacatttttgcagatcggaa,GCCAGCAGTGACCTTGCAAACACAGAAGTCTTC,1
ASSPGLGGEQY,mTRBV4*01,105,282,20,197,mTRBD2*01,0,9,199,208,mTRBJ2-7*01,7,47,212,252,mTRBC2*03,0,31,252,283,cgtgtgctcttccgatctttaagcaagactctaagaAATTGCTGAAGATTATGTTTAGCTACAATAATAAGCAACTCATTGTAAACGAAACAGTTCCAAGGCGCTTCTCACCTCAGTCTTCAGATAAAGCTCATTTGAATCTTCGAATCAAGTCTGTAGAGCCGGAGGACTCTGCTGTGTATCTCTGTGCCAGCAGCCCGGGACTGGGAGGGGAACAGTACTTCGGTCCCGGCACCAGGCTCACGGTTTTAGAGGATCTGAGAAATGTGACTCCACCCAAGGTtggacggtccatgggctaagatcggaagagcgtcgt,GCCAGCAGCCCGGGACTGGGAGGGGAACAGTAC,3
ASSLRDRSYEQY,mTRBV14*01,102,284,11,193,mTRBD1*01,0,7,198,205,mTRBJ2-7*01,1,47,206,252,mTRBC2*03,0,31,252,283,ttccgatcttatatcagcagcccagagACCAGGGGCCCCAGCTTCTAGTTTACTTTCGGGATGAGGCTGTTATAGATAATTCACAGTTGCCCTCGGATCGATTTTCTGCTGTGAGGCCTAAAGGAACTAACTCCACTCTCAAGATCCAGTCTGCAAAGCAGGGCGACACAGCCACCTATCTCtgtgccagcagcctccgggacagatcctatgaacagtacttcggtcccggcaccaggctcacggttttagaggatctgagaaatgtgactccacccaaggt,gccagcagcctccgggacagatcctatgaacagtac,9
ASSPGTGNSDYT,mTRBV12-2*02,98,281,10,193,mTRBD1*01,0,9,197,206,mTRBJ1-2*01,2,48,206,252,mTRBC2*03,0,31,252,283,ctcttccgatctggtatcaacagactcaggGGCAGGAACTAAAGTTCTTCATTCAGCATTATGATAAAATGGAGAGAGATAAAGGAAACCTGCCCAGCAGATTCTCAGTCCAACAGTTTGATGACTATCACTCTGAGATGAACATGAGTGCCTTGGAGCTAGAGGACTCTGCCGTGTACTTCTGTGCCAGCTCCCCCGGGACAGGGAACTCCGACTACACCTTCGGCTCagggaccaggcttttggtaatagaggatctgagaaatgtgactccacccaaggt,GCCAGCTCCCCCGGGACAGGGAACTCCGACTACACC,22
ASTDKTSAETLY,mTRBV13-3*01,94,280,6,192,-,-,-,-,-,mTRBJ2-3*01,0,49,203,252,mTRBC2*03,0,31,252,283,cgatcttgtactggtatcggcaggACACGGGGCATGGGCTGAGGCTGATCCATTACTCATATGTCGCTGACAGCACGGAGAAAGGAGATATCCCTGATGGGTACAAGGCCTCCAGACCAAGCCAAGAGAATTTCTCTCTCATTCTGGAGTTGGCTTCCCTTTCTCAGACAGCTGTATATTTCTGTGCCAGCACCGACAAAACTAGTGCAGAAACGCTGTATTTTGGCTCAGGAACCAGACTGACTGTTCTCGAGGATCTGAGAAATGTGACTCCACCCAAGGTtggacggtaactatctacagatcg,GCCAGCACCGACAAAACTAGTGCAGAAACGCTGTAT,12
ASSWTHNNQAPL,mTRBV4*01,106,283,18,195,mTRBD1*01,1,6,195,200,mTRBJ1-5*01,0,50,202,252,mTRBC2*03,0,31,252,283,gtgctcttccgatcttatagcaagactctaagaAATTGCTGAAGATTATGTTTAGCTACAATAATAAGCAACTCATTGTAAACGAAACAGTTCCAAGGCGCTTCTCACCTCAGTCTTCAGATAAAGCTCATTTGAATCTTCGAATCAAGTCTGTAGAGCCGGAGGACTCTGCTGTGTATCTCTGTGCCAGCAGCTGGACACATAACAACCAGGCTCCGCTTTTTGGAGAGGGGACTCGACTCTCTGTTCTAGAGGATCTGAGAAATGTGACTCCACCCAAGGTtggacggttccacttataagatcg,GCCAGCAGCTGGACACATAACAACCAGGCTCCGCTT,3
ASSDRGARVF,mTRBV13-1*02,94,285,12,203,mTRBD2*01,7,14,204,211,mTRBJ1-1*01,11,48,215,252,mTRBC2*03,0,31,252,283,gctcttcgatcttgtactggtatcggcaggACACTGGGCATGGGCTGAGGCTGATCCATTACTCATATGGTGCTGGCAACCTTCAAATAGGAGATGTCCCTGATGGGTACAAGGCCACCAGAACAACGCAAGAAGACTTCTTCCTCCTGCTGGAATTGGCTTCTCCCTCTCAGACATCTTTGTACTTCTGTGCCAGCAGTGATCGGGGGGCCCGGGTCTTCTTTGGTAAAGGAACCAGACTCACAGTTGTAGAGGATCTGAGAAATGTGACTCCACCCAAGGTtggacggtg,GCCAGCAGTGATCGGGGGGCCCGGGTCTTC,9
ASSPDWGGSAETLY,mTRBV16*01,97,285,0,188,mTRBD2*01,1,13,190,202,mTRBJ2-3*01,0,49,203,252,mTRBC2*03,0,31,252,283,tctggtacagacaGACCATTGTGCAGGGCCTGGAGTTCCTGACTTACTTTCGAAATCAAGCTCCTATAGATGATTCAGGGATGCCCAAGGAACGATTCTCAGCTCAGATGCCCAATCAGTCGCACTCAACTCTGAAGATCCAGAGCACGCAACCCCAGGACTCAGCGGTGTATCTTTGTGCAAGCAGCCCGGACTGGGGGGGTAGTGCAGAAACGCTGTATTTTGGCTCAGGAACCAGACTGACTGTTCTCGAGGATCTGAGAAATGTGACTCcacccaaggt,GCAAGCAGCCCGGACTGGGGGGGTAGTGCAGAAACGCTGTAT,4
ASSGGGSYEQY,mTRBV13-1*02,95,283,10,198,mTRBD2*01,6,13,198,205,mTRBJ2-7*01,0,47,205,252,mTRBC2*03,0,31,252,283,ttccgatctggtactggtatcggcaggACACTGGGCATGGGCTGAGGCTGATCCATTACTCATATGGTGCTGGCAACCTTCAAATAGGAGATGTCCCTGATGGGTACAAGGCCACCAGAACAACGCAAGAAGACTTCTTCCTCCTGCTGGAATTGGCTTCTCCCTCTCAGACATCTTTGTACTTCTGTGCCAGCAGTGGGGGGGGCTCCTATGAACAGTACTTCGGTCCCGGCACCAGGCTCACGGTTTTAGAGGATCTGAGAAATGTGACTCCACCCAAGGTtggacggtcaagatggtcaga,GCCAGCAGTGGGGGGGGCTCCTATGAACAGTAC,13
ASSIATGGQDTQY,mTRBV19*01,102,286,9,193,mTRBD1*01,2,11,194,203,mTRBJ2-5*01,2,49,203,250,mTRBC2*03,0,31,250,281,ccgatcttctaccgacaggattcagGGAAAGGATTGAGACTGATCTACTATTCAATAACTGAAAACGATCTTCAAAAAGGCGATCTATCTGAAGGCTATGATGCGTCTCGAGAGAAGAAGTCATCTTTTTCTCTCACTGTGACATCTGCCCAGAAGAACGAGATGGCCGTTTTTCTCTGTGCCAGCAGTATAGCGACAGGGGGCCAAGacacccagtactttgggccaggcactcggctcctcgtgttagaggatctgagaaatgtgactccacccaaggt,GCCAGCAGTATAGCGACAGGGGGCCAAGacacccagtac,7
ASSWDIANTEVF,mTRBV29*01,104,283,16,195,mTRBD1*01,0,6,195,201,mTRBJ1-1*01,0,48,204,252,mTRBC2*03,0,31,252,283,tgctcttccgatcttttcgacaagaccctggtCTGGGGCTACAGCTGATTTATATCTCATACGATGTTGATAGTAACAGCGAAGGAGACATCCCTAAAGGATACAGGGTCTCACGGAAGAAGCGGGAGCATTTCTCCCTGATTCTGGATTCTGCTAAAACAAACCAGACATCTGTGTACTTCTGTGCTAGCAGTTGGGACATTGCAAACACAGAAGTCTTCTTTGGTAAAGGAACCAGACTCACAGTTGTAGAGGATCTGAGAAATGTGACTCCACCCAAGGTtggacggtcgcgcttaag,GCTAGCAGTTGGGACATTGCAAACACAGAAGTCTTC,8
ASSQGLGDEQY,mTRBV5*01,99,283,17,201,mTRBD2*01,2,11,201,210,mTRBJ2-7*01,5,47,210,252,mTRBC2*03,0,31,252,283,gtgtgctcttccgatcttataaacagagcgctgagAAGCCGCCAGAGCTCATGTTTCTCTACAATCTTAAACAGTTGATTCGAAATGAGACGGTGCCCAGTCGTTTTATACCTGAATGCCCAGACAGCTCCAAGCTACTTTTACATATATCTGCCGTGGATCCAGAAGACTCAGCTGTCTATTTTTGTGCCAGCAGCCAAGGACTGGGGGATGAACAGTACTTCGGTCCCGGCACCAGGCTCACGGTTTTAGAGGATCTGAGAAATGTGACTCCACCCAAGGTtggacggttctaagccgaagatcggaagagcg,GCCAGCAGCCAAGGACTGGGGGATGAACAGTAC,33
ASTDWGQDTQY,mTRBV16*01,94,283,4,193,mTRBD2*01,2,11,195,204,mTRBJ2-5*01,3,49,204,250,mTRBC2*03,0,31,250,281,ctatttttctggtacagacaGACCATTGTGCAGGGCCTGGAGTTCCTGACTTACTTTCGAAATCAAGCTCCTATAgatgattcagggatgcccaaggaacgattctcagctcagatgcccaatcagtcgcactcaactctgaagatccagagcacgcaaccccaggactcagcggtgtatctttgtgcaagcacagactgggggcaagacacccagtactttgggccaggcactcggctcctcgtgttagaggatctgagaaatgtgactccacccaaggt,gcaagcacagactgggggcaagacacccagtac,6
ASSSTGSNTEVF,mTRBV4*01,104,283,16,195,mTRBD1*01,2,9,196,203,mTRBJ1-1*01,0,48,204,252,mTRBC2*03,0,31,252,283,gtgctcttccgatctgcaagcaagactctaagaAATTGCTGAAGATTATGTTTAGCTACAATAATAAGCAACTCATTGTAAACGAAACAGTTCCAAGGCGCTTCTCACCTCAGTCTTCAGATAAAGCTCATTTGAATCTTCGAATCAAGTCTGTAGAGCCGGAGGACTCTGCTGTGTATCTCTGTGCCAGCAGCTCGACAGGGTCAAACACAGAAGTCTTCTTTGGTAAAGGAACCAGACTCACAGTTGTAGAGGATCTGAGAAATGTGACTCCACCCAAGGTtggacggtggaag,GCCAGCAGCTCGACAGGGTCAAACACAGAAGTCTTC,64
ASGDTISNERLF,mTRBV13-2*04,90,279,8,197,-,-,-,-,-,mTRBJ1-4*02,0,51,201,252,mTRBC2*03,0,31,252,283,cgatcttttactggtatcggcaggACACGGGGCATGGGCTGAGGCTGATCCATTATTCATATGGTGCTGGCAGCACTGAGAAAGGAGATATCCCTGATGGATACAAGGCCTCCAGACCAAGCCAAGAGAACTTCTCCCTCATTCTGGAGTTGGCTACCCCCTCTCAGACATCAGTGTACTTCTGTGCCAGCGGTGATACAATTTCCAACGAAAGATTATTTTTCGGTCATGGAACCAAGCTGTCTGTCCTGGAGGATCTGAGAAATGTGACTCCACCCAAGGTtggacggtacagcataagagatcg,GCCAGCGGTGATACAATTTCCAACGAAAGATTATTT,12
ASSQDLGDTQY,mTRBV5*01,102,284,20,202,mTRBD2*01,4,9,203,208,mTRBJ2-5*01,5,49,208,252,mTRBC2*03,0,31,252,283,gtgtgctcttccgatctgaaaaacagagcgctgagAAGCCGCCAGAGCTCATGTTTCTCTACAATCTTAAACAGTTGATTCGAAATGAGACGGTGCCCAGTCGTTTTATACCTGAATGCCCAGACAGCTCCAAGCTACTTTTACATATATCTGCCGTGGATCCAGAAGACTCAGCTGTCTATTTTTGTGCCAGCAGCCAAGACCTGGGAGACACCCAGTACTTTGGGCCAGGCACTCGGCTCCTCGTGTTAGAGGATCTGAGAAATGTGACTCCACCCAaggt,GCCAGCAGCCAAGACCTGGGAGACACCCAGTAC,2
ASGDTGYANTEVF,mTRBV13-2*04,88,279,3,194,mTRBD2*01,3,8,194,199,mTRBJ1-1*01,0,48,204,252,mTRBC2*03,0,31,252,283,tcttgtactggtatcggcaggACACGGGGCATGGGCTGAGGCTGATCCATTATTCATATGGTGCTGGCAGCACTGAGAAAGGAGATATCCCTGATGGATACAAGGCCTCCAGACCAAGCCAAGAGAACTTCTCCCTCATTCTGGAGTTGGCTACCCCCTCTCAGACATCAGTGTACTTCTGTGCCAGCGGTGATACTGGATATGCAAACACAGAAGTCTTCTTTGGTAAAGGAACCAGACTCACAGTTGTAGAGGATCTGAGAAATGTGACtccacccaaggt,GCCAGCGGTGATACTGGATATGCAAACACAGAAGTCTTC,10
ASSDRASNSDYT,mTRBV17*01,118,282,0,164,mTRBD1*01,2,9,164,171,mTRBJ1-2*01,0,48,174,222,mTRBC2*03,0,31,294,325,accaagcaccaaagcttcttcttttctactatgataagattttGAACAGGGAAGCTGACACTTTTGAGAAGTTCCAATCCAGTCGGCCTAACAATTCTTTCTGCTCTCTCTACATTGGCTCTGCAGGCCTAGAGTATTCTGCCATGTACCTCTGTGCTAGCAGTGacagggcttcaaactccgactacaccttcggctcagggaccaggattttggtaataggattgcggctttcctatgcaagccaccacagctctcttacatctcagtgtaggagtgaatgtggaacatcagaggatctgagaaatgtgactccacccaaggt,GCTAGCAGTGacagggcttcaaactccgactacacc,2
ASSLFNNQAPL,mTRBV29*01,103,286,18,201,-,-,-,-,-,mTRBJ1-5*01,1,50,203,252,mTRBC2*03,0,31,252,283,gtgtgctcttccgatctgatcgacaagaccctggtCTGGGGCTACAGCTGATTTATATCTCATACGATGTTGATAGTAACAGCGAAGGAGACATCCCTAAAGGATACAGGGTCTCACGGAAGAAGCGGGAGCATTTCTCCCTGATTCTGGATTCTGCTAAAACAAACCAGACATCTGTGTACTTCTGTGCTAGCAGTTTATTCaacaaccaggctccgctttttggagaggggactcgactctctgttctagaggatctgagaaatgtgactccacccaaggt,GCTAGCAGTTTATTCaacaaccaggctccgctt,9
ASSSTSANTEVF,mTRBV4*01,105,283,16,194,-,-,-,-,-,mTRBJ1-1*01,0,48,203,251,mTRBC2*03,0,31,251,282,tgctcttccgatctctaagcaagactctaagaAATTGCTGAAGATTATGTTTAGCTACAATAATAAGCAACTCATTGTAAACGAAACAGTTCCAAGGCGCTTCTCACCTCAGTCTTCAGATAAAGCTCATTTGAATCTTCGAATCAAGTCTGTAGAGCCGGAGGACTCTGCTGTGTATCTCTGTGCCAGCAGCTCGACGTCTGCAAACACAGAAGTCTTCTTTGGTAAAGGaaccagactcacagttgtagaggatctgagaaatgtgactccacccaaggt,GCCAGCAGCTCGACGTCTGCAAACACAGAAGTCTTC,13
ASSPDWGGGAETLY,mTRBV3*01,103,285,6,188,mTRBD2*01,2,14,191,203,mTRBJ2-3*01,3,49,206,252,mTRBC2*03,0,31,252,283,gatctcataaacagattttaggaCAGCAGATGGAGTTTCTGGTTAATTTCTACAATGGTAAAGTCATGGAGAAGTCTAAACTGTTTAAGGATCAGTTTTCAGTTGAAAGACCAGATGGTTCATATTTCACTCTGAAAATCCAACCCACAGCACTGGAGGACTCAGCTGTGTACTTCTGTGCCAGCAGCCCCGACTGGGGGGGCGGGGCAGAAACGCTGTATTTTGGCTCAGGAACCAGACTGACTGTTCTCGAGGATCTGAGAAATGTGACTCCACCCAAGGTtggacggttggtcaaggcag,GCCAGCAGCCCCGACTGGGGGGGCGGGGCAGAAACGCTGTAT,7
ASSWTGESQNTLY,mTRBV4*01,105,283,14,192,mTRBD1*01,1,10,192,201,mTRBJ2-4*01,0,49,203,252,mTRBC2*03,0,31,252,283,ctcttccgatctaaaagcaagactctaagaAATTGCTGAAGATTATGTTTAGCTACAATAATAAGCAACTCATTGTAAACGAAACAGTTCCAAGGCGCTTCTCACCTCAGTCTTCAGATAAAGCTCATTTGAATCTTCGAATCAAGTCTGTAGAGCCGGAGGACTCTGCTGTGTATCTCTGTGCCAGCAGCTGGACAGGGGAGAGTCaaaacaccttgtactttggtgcgggcacccgactatcggtgctagaggatctgagaaatgtgactccacccaaggt,GCCAGCAGCTGGACAGGGGAGAGTCaaaacaccttgtac,4
ASSLTGENTEVF,mTRBV4*01,106,282,18,194,mTRBD1*01,2,10,196,204,mTRBJ1-1*01,1,48,205,252,mTRBC2*03,0,31,252,283,gtgctcttccgatctaagagcaagactctaagaAATTGCTGAAGATCATGTTTAGCTACAATAATAAGCAACTCATTGTAAACGAAACAGTTCCAAGGCGCTTCTCACCTCAGTCTTCAGATAAAGCTCATTTGAATCTTCGAATCAAGTCTGTAGAGCCGGAGGACTCTGCTGTGTATCTCTGTGCCAGCAGCCTGACAGGGGAAAACACAGAAGTCTTCTTTGGTAAAGGAACCAGACTCACAGTTGTAGAGGATCTGAGAAATGTGACTCCACCCAAGGTtggacggtagcgcgccgaagatcggaagagcgt,GCCAGCAGCCTGACAGGGGAAAACACAGAAGTCTTC,1
ASSLAFSNERLF,mTRBV16*01,95,289,4,198,-,-,-,-,-,mTRBJ1-4*02,0,51,201,252,mTRBC2*03,0,31,252,283,ttggtttctggtacagacaGACCATTGTGCAGGGCCTGGAGTTCCTGACTTACTTTCGAAATCAAGCTCCTATAGATGATTCAGGGATGCCCAAGGAACGATTCTCAGCTCAGATGCCCAATCAGTCGCACTCAACTCTGAAGATCCAGAGCACGCAACCCCAGGACTCAGCGGTGTATCTTTGTGCAAGCAGCTTAGCATTTTCCAACGAAAGATTATTTTTCGGTCATGGAACCAAGCTGTCTGTCCTGGAGGATCTGAGAAATGTGACTCCACCCAAGGTtggacggtaccaacactta,GCAAGCAGCTTAGCATTTTCCAACGAAAGATTATTT,5
ASSSTLANTEVF,mTRBV4*01,104,283,16,195,-,-,-,-,-,mTRBJ1-1*01,0,48,204,252,mTRBC2*03,0,31,252,283,gtgctcttccgatcttcaagcaagactctaagaAATTGCTGAAGATTATGTTTAGCTACAATAATAAGCAACTCATTGTAAACGAAACAGTTCCAAGGCGCTTCTCACCTCAGTCTTCAGATAAAGCTCATTTGAATCTTCGAATCAAGTCTGTAGAGCCGGAGGACTCTGCTGTGTATCTCTGTGCCAGCAGCTCGACACTTGCAAACACAGAAGTCTTCTTTGGTAAAGGAACCAGACTCACAGTTGTAGAGGATCTGAGAAATGTGACTCCACCCAAGGTtggacggtcccgcacctgagatcggaagagcgt,GCCAGCAGCTCGACACTTGCAAACACAGAAGTCTTC,22
ASSLTGSNTEVF,mTRBV4*01,121,282,0,161,mTRBD1*01,2,9,163,170,mTRBJ1-1*01,0,48,171,219,mTRBC2*03,0,31,291,322,aattgctgaagattatgtttagctacaataataagcaacTCATTGTAAACGAAACAGTTCCAAGGCGCTTCTCACCTCAGTCTTCAGATAAAGCTCATTTGAATCTTCGAATCAAGTCTGTAGAGCCGGAGGACTCTGCTGTGTATCTCTGTGCCAGCAGCCTGACAGGGTCAAACACAGAAGTCTTCTTTGGTAAAGGAACCAGACTCACAGTTGTAGGATTGCGGCTTTCCTATGCAAGCCACCACAGCTCTCTTACATCTCAGTGTAGGAGTGAATGTGGaacatcagaggatctgagaaatgtgactccacccaaggt,GCCAGCAGCCTGACAGGGTCAAACACAGAAGTCTTC,3
ASSSDRSNTEVF,mTRBV4*01,106,283,18,195,mTRBD1*01,1,8,196,203,mTRBJ1-1*01,0,48,204,252,mTRBC2*03,0,31,252,283,gtgctcttccgatcttggagcaagactctaagaAATTGCTGAAGATTATGTTTAGCTACAATAATAAGCAACTCATTGTAAACGAAACAGTTCCAAGGCGCTTCTCACCTCAGTCTTCAGATAAAGCTCATTTGAATCTTCGAATCAAGTCTGTAGAGCCGGAGGACTCTGCTGTGTATCTCTGTGCCAGCAGCTCGGACAGGTCAAACACAGAAGTCTTCTTTGGTAAAGGAACCAGACTCACAGTTGTAGAGGATCTGAGAAATGTGACTCCACCCAAGGTtggacggtaatgcgatctagatcggaagagcgt,GCCAGCAGCTCGGACAGGTCAAACACAGAAGTCTTC,2
ASSDGQGNSDYT,mTRBV13-3*01,94,286,6,198,mTRBD1*01,2,9,198,205,mTRBJ1-2*01,1,48,205,252,mTRBC2*03,0,31,252,283,cgatcttgtactggtatcggcaggACACGGGGCATGGGCTGAGGCTGATCCATTACTCATATGTCGCTGACAGCACGGAGAAAGGAGATATCCCTGATGGGTACAAGGCCTCCAGACCAAGCCAAGAGAATTTCTCTCTCATTCTGGAGTTGGCTTCCCTTTCTCAGACAGCTGTATATTTCTGTGCCAGCAGTGATGGACAGGGAAACTCCGACTACACCTTCGGCTCAGGGACCAGGCTTTTGGTAATAGAGGATCTGAGAAATGTGACTCCACCCAAGGTtggacggtaccgatacggagatcg,GCCAGCAGTGATGGACAGGGAAACTCCGACTACACC,21
ASSIPRQANTEVF,mTRBV19*01,102,285,1,184,mTRBD1*01,2,8,188,194,mTRBJ1-1*01,0,48,194,242,mTRBC2*03,0,31,242,273,ctaccgacaggattcagGGAAAGGATTGAGACTGATCTACTATTCAATAACTGAAAACGATCTTCAAAAAGGCGATCTATCTGAAGGCTATGATGCGTCTCGAGAGAAGAAGTCATCTTTTTCTCTCACTGTGACATCTGCCCAGAAGAACGAGATGGCCGTTTTTCTCTGTGCCAGCAGTATACCTCGACAGGCAAACACAGAAGTCTTCTTTGGTAAAGGAACCAGACTCACAGTTGTAGAGGATCTGAGAAATGTGACTCCACCCAAGGTtggacggtcgcagaaatgagattggaa,GCCAGCAGTATACCTCGACAGGCAAACACAGAAGTCTTC,4
ASSFSRGYAEQF,mTRBV3*01,105,287,14,196,mTRBD1*01,5,11,200,206,mTRBJ2-1*01,4,50,206,252,mTRBC2*03,0,31,252,283,tcttccgatctgtcaaacagattttaggaCAGCAGATGGAGTTTCTGGTTAATTTCTACAATGGTAAAGTCATGGAGAAGTCTAAACTGTTTAAGGATCAGTTTTCAGTTGAAAGACCAGATGGTTCATATTTCACTCTGAAAATCCAACCCACAGCACTGGAGGACTCAGCTGTGTACTTCTGTGCCAGCAGCTTCTCTAGGGGGTATGCTGAGCAGTTCTTCGGACCAGGGACACGACTCACCGTCCTAGAGGATCTGAGAAATGTGACTCCACCCAAGGTtggacggtgggaggcaaaagatcggaaga,GCCAGCAGCTTCTCTAGGGGGTATGCTGAGCAGTTC,5
ASSRGLGDTLY,mTRBV4*01,104,282,19,197,mTRBD2*01,1,11,200,210,mTRBJ2-4*01,7,49,210,252,mTRBC2*03,0,31,252,283,cgtgtgctcttccgatcttcaagcaagactctaagaAATTGCTGAAGATTATGTTTAGCTACAATAATAAGCAACTCATTGTAAACGAAACAGTTCCAAGGCGCTTCTCACCTCAGTCTTCAGATAAAGCTCATTTGAATCTTCGAATCAAGTCTGTAGAGCCGGAGGACTCTGCTGTGTATCTCTGTGCCAGCAGCCGCGGACTGGGGGACACCTTGTACTTTGGTGCGGGCACCCGACTATCGGTGCTAGAGGATCTGAGAAATGTGACTCCACCCAAGGTtggacggtttacatt,GCCAGCAGCCGCGGACTGGGGGACACCTTGTAC,18
ASKSGGANAEQF,mTRBV19*03,103,280,15,192,mTRBD2*01,4,14,195,205,mTRBJ2-1*01,5,50,207,252,mTRBC2*03,0,31,252,283,ctcttccgatctttaaccgacaggattcagGGAAAGGATTGAGACTGATCTACTATTCAATAACTGAAAACGATCTTCAAAAAGGCGATCTATCTGAAGGCTATGATGCGTCTCGAGAGAAGAAGTCATCTTTTTCTCTCACTGTGACATCTGCCCAGAAGAACGAGATGGCCGTTTTTCTCTGTGCCAGCAAATCTGGGGGGGCTAATGCTGAGCAGTTCTTCGGACCAGGGACACGACTCACCGTCCTAGAGGATCTGAGAAATGTGACTCCACCCAAGGTtggacggtatcctgacagagatcggaaga,GCCAGCAAATCTGGGGGGGCTAATGCTGAGCAGTTC,3
ASGESGNSDYT,mTRBV13-2*04,91,275,12,196,-,-,-,-,-,mTRBJ1-2*01,2,48,206,252,mTRBC2*03,0,31,252,283,ttccgatctgtcactggtatcggcaggACACGGGGCATGGGCTGAGGCTGATCCATTATTCATATGGTGCTGGCAGCACTGAGAAAGGAGATATCCCTGATGGATACAAGGCCTCCAGACCAAGCCAAGAGAACTTCTCCCTCATTCTGGAGTTGGCTACCCCCTCTCAGACATCAGTGTACTTCTGTGCCAGCGGGGAGAGTGGGAACTCCGACTACACCTTCGGCTCAGGGACCAGGCTTTTGGTAATAGAGGATCTGAGAAATGTGACTCCACCCAAGGTtggacggtggttgtattaagatcggaa,GCCAGCGGGGAGAGTGGGAACTCCGACTACACC,10
ASSFFGTGDNTEVF,mTRBV29*01,104,284,10,190,mTRBD1*01,0,10,194,204,mTRBJ1-1*01,2,48,206,252,mTRBC2*03,0,31,252,283,tccgatctggtcgacaagaccctggtCTGGGGCTACAGCTGATTTATATCTCATACGATGTTGATAGTAACAGCGAAGGAGACATCCCTAAAGGATACAAGGTCTCACGGAAGAAGCGGGAGCATTTCTCCCTGATTCTGGATTCTGCTAAAACAAACCAGACATCTGTGTACTTCTGTGCTAGCAGTTTCTTTGGGACAGGGGATAACACAGAAGTCTTCTTTGGTAAAGGAACCAGACTCACAGTTGTAGAGGATCTGAGAAATGTGACTCCACCCAAGGTtggacggtcctgggagcaagatcgga,GCTAGCAGTTTCTTTGGGACAGGGGATAACACAGAAGTCTTC,2
ASSPGTGSYEQY,mTRBV16*01,93,285,1,193,mTRBD2*01,0,9,196,205,mTRBJ2-7*01,3,47,207,251,mTRBC2*03,0,31,251,282,cgttttctggtacagacaGACCATTGTGCAGGGCCTGGAGTTCCTGACTTACTTTCGAAATCAAGCTCCTATAGATGATTCAGGGATGCCCAAGGAACGATTCTCAGCTCAGATGCCCAATCAGTCGCACTCAACTCTGAAGATCCAGAGCACGCAACCCCAGGACTCAGCGGTGTATCTTTGTGCAAGCAGCCCAGGGACTGGGAGCTATGAACAGTACTTCGGTCCCGGCACCAGGCTCACGGTTTTAGAGGATCTGAGAAATGTGACTCCACCCAAGGTtggacggtcacatgtatt,GCAAGCAGCCCAGGGACTGGGAGCTATGAACAGTAC,6
GARIRDIANTEVF,mTRBV20*01,105,291,5,191,mTRBD1*01,0,6,195,201,mTRBJ1-1*01,0,48,204,252,mTRBC2*03,0,31,252,283,tctgttatcgtcaatcgcctcAAAAGACATTTGAACTGATAGCACTTTCTACTGTGAACTCAGCAATCAAATATGAACAAAATTTTACCCAGGAAAAATTTCCCATCAGTCATCCCAACTTATCCTTTTCATCTATGACAGTTTTAAATGCATATCTTGAAGACAGAGGCTTATATCTCTGTGGTGCTAGGATCCGGGACATTGCAAACACAGAAGTCTTCTTTGGTAAAGGAACCAGACTCACAGTTGTAGAGGATCTGAGAAATGTGACTCCACCCAAGGTtggacggtcacggaagacaga,GGTGCTAGGATCCGGGACATTGCAAACACAGAAGTCTTC,7
ASSHRGEVF,mTRBV17*01,102,282,23,203,mTRBD1*01,3,10,204,211,mTRBJ1-1*01,7,48,211,252,mTRBC2*03,0,31,252,283,agacgtgtgctcttccgatctgttaccaaaagaagccaaACCAAGCACCAAAGCTTCTTCTTTTCTACTATGATAAGATTTTGAACAGGGAAGCTGACACTTTTGAGAAGTTCCAATCCAGTCGGCCTAACAATTCTTTCTGCTCTCTCTACATTGGCTCTGCAGGCCTAGAGTATTCTGCCATGTACCTCTGTGCTAGCAGTCACAGGGGAGAAGTCTTCTTTGGTAAAGGAACCAGACTCACAGTTGTAGAGGATCTGAGAAATGTGACTCCACCCAAGGTtggacggtatcgtaggcaagatcggaagagcgtcgt,GCTAGCAGTCACAGGGGAGAAGTCTTC,16
ASSDGTPNYAEQF,mTRBV13-3*01,94,286,3,195,mTRBD1*01,1,6,195,200,mTRBJ2-1*01,0,50,202,252,mTRBC2*03,0,31,252,283,tcttgtactggtatcggcaggACACGGGGCATGGGCTGAGGCTGATCCATTACTCATATGTCGCTGACAGCACGGAGAAAGGAGATATCCCTGATGGGTACAAGGCCTCCAGACCAAGCCAAGAGAATTTCTCTCTCATTCTGGAGTTGGCTTCCCTTTCTCAGACAGCTGTATATTTCTGTGCCAGCAGTGATGGGACACCTAACTATGCTGAGCAGTTCTTCGGACCAGGGACACGACTCACCGTCCTAGAGGATCTGAGAAATGTGACTCCACCCAAGGTtggacggtggtagcaaatag,GCCAGCAGTGATGGGACACCTAACTATGCTGAGCAGTTC,24
ASSLEENTEVF,mTRBV29*01,104,285,19,200,-,-,-,-,-,mTRBJ1-1*01,1,48,205,252,mTRBC2*03,0,31,252,283,gtgtgctcttccgatctattcgacaagaccctggtCTGGGGCTACAGCTGATTTATATCTCATACGATGTTGATAGTAACAGCGAAGGAGACATCCCTAAAGGATACAGGGTCTCACGGAAGAAGCGGGAGCATTTCTCCCTGATTCTGGATTCTGCTAAAACAAACCAGACATCTGTGTACTTCTGTGCTAGCAGTTTAGAGGAAAACACAGAAGTCTTCTTTGGTAAAGGAACCAGACTCACAGTTGTAGAGGATCTGAGAAATGTGACTCCACCCaaggt,GCTAGCAGTTTAGAGGAAAACACAGAAGTCTTC,7
ASSDAQWTEVF,mTRBV13-1*02,96,286,11,201,-,-,-,-,-,mTRBJ1-1*01,5,48,209,252,mTRBC2*03,0,31,252,283,ttccgatcttatactggtatcggcaggACACTGGGCATGGGCTGAGGCTGATCCATTACTCATATGGTGCTGGCAACCTTCAAATAGGAGATGTCCCTGATGGGTACAAGGCCACCAGAACAACGCAAGAAGACTTCTTCCTCCTGCTGGAATTGGCTTCTCCCTCTCAGACATCTTTGTACTTCTGTGCCAGCAGTGATGCACAGTGGACAGAAGTCTTCTTTGGTAAAGGAACCAGACTCACAGTTGTAGAGGATCTGAGAAATGTGACTCCACCCAAGGTtggacggtaaagcgatatagatcggaa,GCCAGCAGTGATGCACAGTGGACAGAAGTCTTC,16
ASSIWQGANAEQF,mTRBV19*01,102,284,11,193,mTRBD1*01,4,12,197,205,mTRBJ2-1*01,5,50,207,252,mTRBC2*03,0,31,252,283,ttccgatctaataccgacaggattcagGGAAAGGATTGAGACTGATCTACTATTCAATAACTGAAAACGATCTTCAAAAAGGCGATCTATCTGAAGGCTATGATGCGTCTCGAGAGAAGAAGTCATCTTTTTCTCTCACTGTGACATCTGCCCAGAAGAACGAGATGGCCGtttttctctgtgccagcagtatctggcagggggcaaatgctgagcagttcttcggaccagggacacgactcaccgtcctagaggatctgagaaatgtgactccacccaaggt,gccagcagtatctggcagggggcaaatgctgagcagttc,13
ASSWTGGNAEQF,mTRBV4*01,106,283,18,195,mTRBD1*01,1,12,195,206,mTRBJ2-1*01,5,50,207,252,mTRBC2*03,0,31,252,283,gtgctcttccgatcttatagcaagactctaagaAATTGCTGAAGATTATGTTTAGCTACAATAATAAGCAACTCATTGTAAACGAAACAGTTCCAAGGCGCTTCTCACCTCAGTCTTCAGATAAAGCTCATTTGAATCTTCGAATCAAGTCTGTAGAGCCGGAGGACTCTGCTGTGTATCTCTGTGCCAGCAGCTGGACAGGGGGCAATGCTGAGCAGTTCTTCGGACCAGGGACACGACTCACCGTCCTAGAGGATCTGAGAAATGTGACTCCACCCAAGGTtggacggttaactctacgagatcggaag,GCCAGCAGCTGGACAGGGGGCAATGCTGAGCAGTTC,2
TCSAASTGGDYEQY,mTRBV1*01,104,286,10,192,mTRBD2*01,2,13,196,207,mTRBJ2-7*01,4,47,209,252,mTRBC2*03,0,31,252,283,ttccgatctcgtatcagcaggatctccAAAAGCAACTACAGTGGCTGTTCACTCTGCGGAGTCCTGGGGACAAAGAGGTCAAATCTCTTCCCGGTGCTGATTACCTGGCCACACGGGTCACTGATACGGAGCTGAGGCTGCAAGTGGCCAACATGAGCCAGGGCAGAACCTTGTACTGCACCTGCAGTGCAGCCTCGACTGGGGGGGATTATGAACAGTACTTCGGTCCCGGCACCAGGCTCACGGTTTTAGAGGATCTGAGAAATGTGACTCCACCCAAGGTtggacggttataattctaagatcggaa,ACCTGCAGTGCAGCCTCGACTGGGGGGGATTATGAACAGTAC,9
ASSGGLGNTLY,mTRBV4*01,105,282,20,197,mTRBD2*01,7,14,197,204,mTRBJ1-3*01,4,50,206,252,mTRBC2*03,0,31,252,283,cgtgtgctcttccgatctgaaagcaagactctaagaAATTGCTGAAGATTATGTTTAGCTACAATAATAAGCAACTCATTGTAAACGAAACAGTTCCAAGGCGCTTCTCACCTCAGTCTTCAGATAAAGCTCATTTGAATCTTCGAATCAAGTCTGTAGAGCCGGAGGACTCTGCTGTGTATCTCTGTGCCAGCAGCGGGGGGCTGGGAAATACGCTCTATTTTGGAGAAGGAAGCCGGCTCATTGTTGTAGAGGATCTGAGAAATGTGACTCCACCCAAGGTtggacggtttataatggtagatcggaagagcgtcg,GCCAGCAGCGGGGGGCTGGGAAATACGCTCTAT,12
AWSLWEGEQY,mTRBV31*01,101,284,19,202,mTRBD2*01,4,9,202,207,mTRBJ2-7*01,7,47,212,252,mTRBC2*03,0,31,252,283,agacgtgtgctcttccgatctggtactggcaggccacagGAGGCACCCTCCAGCAACTCTTCTACTCTATTACTGTTGGCCAGGTAGAGTCGGTGGTGCAACTGAACCTCTCAGCTTCCAGGCCGAAGGACGACCAATTCATCCTAAGCACGGAGAAGCTGCTTCTCAGCCACTCTGGCTTCTACCTCTGTGCCTGGAGTCTCTGGGAGGGGGAACAGTACTTCGGTCCCGGCACCAGGCTCACGGTTTTAGAGGATCTGAGAAATGTGACTCCACCCAAGGTtggacggtgtgacattacagatcggaagagcgtcgtg,GCCTGGAGTCTCTGGGAGGGGGAACAGTAC,13
ASSSAGTANTEVF,mTRBV17*01,98,284,7,193,mTRBD1*01,0,7,197,204,mTRBJ1-1*01,0,48,204,252,mTRBC2*03,0,31,252,283,ttccgatctggcaccaaaagaagccaaACCAAGCACCAAAGCTTCTTCTTTTCTACTATGATAAGATTTTGAACAGGGAAGCTGACACTTTTGAGAAGTTCCAATCCAGTCGGCCTAACAATTCTTTCTGCTCTCTCTACATTGGCTCTGCAGGCCTAGAGTATTCTGCCATGTACCTCTGTGCTAGCAGTAGCGCCGGGACAGCAAACACAGAAGTCTTCTTTGGTAAAGGAACCAGACTCACAGTTGTAGAGGATCTGAGAAATGTGACTCCACCCAAGGTtggacggttaacgaatagagatcggaa,GCTAGCAGTAGCGCCGGGACAGCAAACACAGAAGTCTTC,3
ASTFAGGNTEVF,mTRBV29*01,104,280,16,192,mTRBD1*01,4,11,198,205,mTRBJ1-1*01,1,48,205,252,mTRBC2*03,0,31,252,283,tgctcttccgatcttttcgacaagaccctggtCTGGGGCTACAGCTGATTTATATCTCATACGATGTTGATAGTAACAGCGAAGGAGACATCCCTAAAGGATACAGGGTCTCACGGAAGAAGCGGGAGCATTTCTCCCTGATTCTGGATTCTGCTAAAACAAACCAGACATCTGTGTACTTCTGTGCTAGCACCTTTGCAGGGGGAAACACAGAAGTCTTCTTTGGTAAAGGAACCAGACTCACAGTTGTAGAGGATCTGAGAAATGTGACTCCACCCAAGGTtggacggtcacgcaggctagatcggaagagcg,GCTAGCACCTTTGCAGGGGGAAACACAGAAGTCTTC,16
ASSFPGQGEDTQY,mTRBV14*01,102,288,8,194,mTRBD1*01,0,9,196,205,mTRBJ2-5*01,6,49,209,252,mTRBC2*03,0,31,252,283,cgatctgttatcagcagcccagagACCAGGGGCCCCAGCTTCTAGTTTACTTTCGGGATGAGGCTGTTATAGATAATTCACAGTTGCCCTCGGATCGATTTTCTGCTGTGAGGCCTAAAGGAACTAACTCCACTCTCAAGATCCAGTCTGCAAAGCAGGGCGACACAGCCACCTATCTCTGTGCCAGCAGTTTCCCGGGACAGGGAGAGGACACCCAGTACTTTGGGCCAGGCACTCGGCTCCTCGTGTTAGAGGATCTGAGAAATGTGACTCCACCCAAGGTtggacggtcagtatacgcagatcg,GCCAGCAGTTTCCCGGGACAGGGAGAGGACACCCAGTAC,6
ASSQGRGQDTQY,mTRBV5*01,101,283,16,198,mTRBD1*01,4,11,199,206,mTRBJ2-5*01,3,49,206,252,mTRBC2*03,0,31,252,283,tgctcttccgatcttctaaacagagcgctgagAAGCCGCCAGAGCTCATGTTTCTCTACAATCTTAAACAGTTGATTCGAAATGAGACGGTGCCCAGTCGTTTTATACCTGAATGCCCAGACAGCTCCAAGCTACTTTTACATATATCTGCCGTGGATCCAGAAGACTCAGCTGTCTATTTTTGTGCCAGCAGCCAAGGcagggggcaagacacccagtactttgggccaggcactcggctcctcgtgttagaggatctgagaaatgtgactccacccaaggt,GCCAGCAGCCAAGGcagggggcaagacacccagtac,8
TCSAGSSAETLY,mTRBV1*01,101,284,12,195,-,-,-,-,-,mTRBJ2-3*01,0,49,202,251,mTRBC2*03,0,31,251,282,tgctcttccgatctggtatcagcaggatctccAAAAGCAACTACAGTGGCTGTTCACTCTGCGGAGTCCTGGGGACAAAGAGGTCAAATCTCTTCCCGGTGCTGATTACCTGGCCACACGGGTCACTGATACGGAGCTGAGGCTGCAAGTGGCCAACATGAGCCAGGGCAGAACCTTGTACTGCACCTGCAGTGCGGGGTCTAGTGCAGAAACGCTGTATTTTGGCTCAGGAACCAGACTGACTGTTCTCGAGGATCTGAGAAATGTGACTCCACCCAAGGTtggacggtataggcgccgagatcggaagagcgt,ACCTGCAGTGCGGGGTCTAGTGCAGAAACGCTGTAT,9
ASSLGTGDPEVF,mTRBV3*01,104,289,13,198,mTRBD1*01,1,10,198,207,mTRBJ1-1*01,6,48,210,252,mTRBC2*03,0,31,252,283,tcttccgatctattaaacagattttaggaCAGCAGATGGAGTTTCTGGTTAATTTCTACAATGGTAAAGTCATGGAGAAGTCTAAACTGTTTAAGGATCAGTTTTCAGTTGAAAGACCAGATGGTTCATATTTCACTCTGAAAATCCAACCCACAGCACTGGAGGACTCAGCTGTGTACTTCTGTGCCAGCAGCTTAGGGACAGGGGATCCAGAAGTCTTCTTTGGTAAAGGAACCAGACTCACAGTTGTAGAGGATCTGAGAAATGTGACTCCACCCAAGGTtggacggtacccaaatatagatcggaaga,GCCAGCAGCTTAGGGACAGGGGATCCAGAAGTCTTC,4
ASSSDRVNTEVF,mTRBV3*01,105,286,13,194,mTRBD1*01,2,9,196,203,mTRBJ1-1*01,2,48,205,251,mTRBC2*03,0,31,251,282,cttccgatctgcgaaacagattttaggaCAGCAGATGGAGTTTCTGGTTAATTTCTACAATGGTAAAGTCATGGAGAAGTCTAAACTGTTTAAGGATCAGTTTTCAGTTGAAAGACCAGATGGTTCATATTTCACTCTGAAAATCCAACCCACAGCACTGGAGGACTCAGCTGTGTACTTCTGTGCCAGCAGCTCCGACAGGGTGAACACAGAAGTCTTCTTTGGTAAAGGAACCAGACTCACAGTTGTAGAGGATCTGAGAAATGTGACTCCACCCAAGGTtggacggtaggatgacctagatcggaag,GCCAGCAGCTCCGACAGGGTGAACACAGAAGTCTTC,8
ASSRTDANTEVF,mTRBV4*01,106,282,18,194,mTRBD1*01,1,7,195,201,mTRBJ1-1*01,0,48,204,252,mTRBC2*03,0,31,252,283,gtgctcttccgatctattagcaagactctaagaAATTGCTGAAGATTATGTTTAGCTACAATAATAAGCAACTCATTGTAAACGAAACAGTTCCAAGGCGCTTCTCACCTCAGTCTTCAGATAAAGCTCATTTGAATCTTCGAATCAAGTCTGTAGAGCCGGAGGACTCTGCTGTGTATCTCTGTGCCAGCAGCCGGACAGATGCAAACACAGAAGTCTTCTTTGGTAAAGGAACCAGACTCACAGTTGTAGAGGATCTGGGAAATGTGACTCCACCCAAGGTtggacggtcaactccataagatcggaagagcgt,GCCAGCAGCCGGACAGATGCAAACACAGAAGTCTTC,2
ASSLDWGDSYEQY,mTRBV16*01,94,290,0,196,mTRBD2*01,5,12,197,204,mTRBJ2-7*01,0,47,205,252,mTRBC2*03,0,31,252,283,ttttctggtacagacaGACCATTGTGCAGGGCCTGGAGTTCCTGACTTACTTTCGAAATCAAGCTCCTATAGATGATTCAGGGATGCCCAAGGAACGATTCTCAGCTCAGATGCCCAATCAGTCGCACTCAACTCTGAAGATCCAGAGCACGCAACCCCAGGACTCAGCGGTGTATCTTTGTGCAAGCAGCTTAGATTGGGGGGACTCCTATGAACAGTACTTCGGTCCCGGCACCAGGCTCACGGTTTTAGAGGATCTGAGAAATGTGACTCCACCCAAGGTtggacggtggcctcta,GCAAGCAGCTTAGATTGGGGGGACTCCTATGAACAGTAC,3
ASSDYRGEQY,mTRBV13-1*02,97,284,15,202,mTRBD1*01,3,10,204,211,mTRBJ2-7*01,6,47,211,252,mTRBC2*03,0,31,252,283,ctcttccgatcttagactggtatcggcaggACACTGGGCATGGGCTGAGGCTGATCCATTACTCATATGGTGCTGGCAACCTTCAAATAGGAGATGTCCCTGATGGGTACAAGGCCACCAGAACAACGCAAGAAGACTTCTTCCTCCTGCTGGAATTGGCTTCTCCCTCTCAGACATCTTTGTACTTCTGTGCCAGCAGTGACTACAGGGGTGAACAGTACTTCGGTCCCGGCACCAGGCTCACGGTTTTAGAGGATCTGAGAAATGTGACTCCACCCAAGGTtggacggtgcatataggaagatcggaagag,GCCAGCAGTGACTACAGGGGTGAACAGTAC,3
ASSQDLGDTQY,mTRBV5*01,99,284,17,202,mTRBD2*01,4,10,203,209,mTRBJ2-5*01,6,49,209,252,mTRBC2*03,0,31,252,283,gtgtgctcttccgatcttataaacagagcgctgagAAGCCGCCAGAGCTCATGTTTCTCTACAATCTTAAACAGTTGATTCGAAATGAGACGGTGCCCAGTCGTTTTATACCTGAATGCCCAGACAGCTCCAAGCTACTTTTACATATATCTGCCGTGGATCCAGAAGACTCAGCTGTCTATTTTTGTGCCAGCAGCCAAGATCTGGGGGACACCCAGTACTTTGGGCCAGGCACTCGGCTCCTCGTGTTAGAGGATCTGAGAAATGTGACTCCACCCAAGgt,GCCAGCAGCCAAGATCTGGGGGACACCCAGTAC,23