clonotype_id,frequency,proportion,cdr3s_aa,cdr3s_nt,inkt_evidence,mait_evidence
clonotype1,159,0.07571428571428572,TRB:CASSYRGEVFF;TRA:CAAYTEGADRLTF,TRB:TGTGCTAGCAGTTACAGGGGAGAAGTCTTCTTT;TRA:TGTGCTGCCTATACAGAAGGTGCAGATAGACTCACCTTT,,
clonotype2,112,0.05333333333333334,TRB:CASSDHSNTEVFF;TRA:CAVSGEGADRLTF,TRB:TGTGCCAGCAGTGACCACTCAAACACAGAAGTCTTCTTT;TRA:TGTGCAGTGAGCGGAGAAGGTGCAGATAGACTCACCTTT,,TRB:gene
clonotype3,71,0.03380952380952381,TRB:CASSDALGDYAEQFF;TRA:CAMRDYANKMIF,TRB:TGTGCCAGCAGTGATGCGCTGGGGGACTATGCTGAGCAGTTCTTC;TRA:TGTGCTATGAGAGACTATGCAAACAAGATGATCTTT,,TRB:gene
clonotype4,65,0.030952380952380953,TRB:CASSIWDNTEVFF;TRA:CAVRPEGADRLTF,TRB:TGTGCCAGCAGTATATGGGACAACACAGAAGTCTTCTTT;TRA:TGTGCAGTGAGACCAGAAGGTGCAGATAGACTCACCTTT,,TRB:gene
clonotype5,42,0.02,TRB:CASSSRQNANSDYTF;TRA:CAVSMDNTGKLTF,TRB:TGTGCCAGCAGCAGTCGACAGAATGCAAACTCCGACTACACCTTC;TRA:TGTGCTGTGAGCATGGACAATACAGGCAAATTAACCTTT,,
clonotype6,39,0.018571428571428572,TRB:CASSDNTPTEVFF;TRA:CAADQGGRALIF;TRA:CAMELLLSGSFNKLTF,TRB:TGTGCCAGCAGTGATAATACACCTACAGAAGTCTTCTTT;TRA:TGTGCAGCCGACCAGGGAGGCAGAGCTCTGATATTT;TRA:TGTGCTATGGAACTGCTGTTATCTGGTAGCTTCAATAAGTTGACCTTT,,TRB:gene
clonotype7,36,0.017142857142857144,TRB:CASSDHSNTEVFF;TRA:CAVNGGGSNYKLTF,TRB:TGTGCCAGCAGTGATCACAGCAACACAGAAGTCTTCTTT;TRA:TGTGCAGTGAACGGTGGAGGCAGCAATTACAAACTGACATTT,,TRB:gene
clonotype8,36,0.017142857142857144,TRB:CASSPTVNQDTQYF;TRA:CALMDYSNNRLTL,TRB:TGTGCTAGCAGCCCGACAGTCAACCAAGACACCCAGTACTTT;TRA:TGTGCTCTGATGGACTACAGCAACAACAGACTTACTTTG,TRB:gene,
clonotype9,33,0.015714285714285715,TRB:CASSWDWGGSAETLYF;TRA:CAMRDSNYQLIW,TRB:TGTGCCAGCAGCTGGGACTGGGGGGGCAGTGCAGAAACGCTGTATTTT;TRA:TGTGCTATGAGAGATAGCAACTATCAGTTGATCTGG,,
clonotype10,33,0.015714285714285715,TRB:CASGDHTNTEVFF;TRA:CAVSMEGYQNFYF,TRB:TGTGCCAGCGGTGATCACACAAACACAGAAGTCTTCTTT;TRA:TGTGCAGTGAGCATGGAGGGTTACCAGAACTTCTATTTT,,
clonotype11,28,0.013333333333333334,TRB:CTCSADLRAYEQYF;TRA:CAIDDYAQGLTF,TRB:TGCACCTGCAGTGCAGATCTCAGGGCTTATGAACAGTACTTC;TRA:TGTGCTATAGATGACTATGCCCAGGGATTAACCTTC,TRB:gene,
clonotype12,27,0.012857142857142857,TRB:CASSLFHQDTQYF;TRA:CAAMSNYNVLYF,TRB:TGTGCTAGCAGTTTATTTCATCAAGACACCCAGTACTTT;TRA:TGTGCTGCTATGTCTAATTACAACGTGCTTTACTTC,TRB:gene,
clonotype13,26,0.012380952380952381,TRB:CASSPDWGEDTQYF;TRA:CAMREWASSSFSKLVF,TRB:TGTGCCAGCAGCCCCGACTGGGGGGAAGACACCCAGTACTTT;TRA:TGTGCTATGAGAGAGTGGGCATCCTCCTCCTTCAGCAAGCTGGTGTTT,,
clonotype14,25,0.011904761904761904,TRB:CASSVWGGEQYF;TRA:CAVSSSGSWQLIF,TRB:TGTGCCAGCAGTGTCTGGGGAGGGGAACAGTACTTC;TRA:TGTGCAGTGTCATCTTCTGGCAGCTGGCAACTCATCTTT,,TRB:gene
clonotype15,24,0.011428571428571429,TRB:CASSFGGARAEQFF;TRA:CAANYGNEKITF,TRB:TGTGCTAGCAGTTTTGGGGGGGCGCGGGCTGAGCAGTTCTTC;TRA:TGTGCAGCCAACTATGGAAATGAGAAAATAACTTTT,TRB:gene,
clonotype16,24,0.011428571428571429,TRB:CASSLDDWGSSYEQYF;TRA:CALSANTNKVVF,TRB:TGTGCAAGCAGCTTAGATGACTGGGGGAGCTCCTATGAACAGTACTTC;TRA:TGTGCTTTGAGTGCCAATACCAACAAAGTCGTCTTT,,
clonotype17,22,0.010476190476190476,TRB:CASSIWTGGGERLFF;TRA:CAVRDNNNAPRF,TRB:TGTGCCAGCAGTATCTGGACAGGGGGCGGCGAAAGATTATTTTTC;TRA:TGTGCTGTGAGAGATAACAACAATGCCCCACGATTT,,TRB:gene
clonotype18,20,0.009523809523809525,TRB:CSSTGQANTEVFF;TRA:CATDQGGRALIF,TRB:TGTAGTTCCACGGGACAAGCAAACACAGAAGTCTTCTTT;TRA:TGTGCTACTGATCAGGGAGGCAGAGCTCTGATATTT,,
clonotype19,20,0.009523809523809525,TRB:CASSPDWGEDTQYF,TRB:TGTGCCAGCAGCCCCGACTGGGGGGAAGACACCCAGTACTTT,,
clonotype20,19,0.009047619047619047,TRB:CASSYRGEQYF;TRA:CAAYTEGADRLTF;TRA:CALSERNTGYQNFYF,TRB:TGTGCTAGCAGTTACAGGGGTGAACAGTACTTC;TRA:TGTGCTGCTTATACAGAAGGTGCAGATAGACTCACCTTT;TRA:TGTGCTCTGAGTGAGAGGAACACGGGTTACCAGAACTTCTATTTT,,
clonotype21,19,0.009047619047619047,TRB:CASSSDWGIYAEQFF;TRA:CAVSMDYNQGKLIF,TRB:TGTGCCAGCAGCTCGGACTGGGGGATCTATGCTGAGCAGTTCTTC;TRA:TGTGCAGTGAGCATGGACTATAACCAGGGGAAGCTTATCTTT,,
clonotype22,18,0.008571428571428572,TRB:CASSSPDRNTGQLYF;TRA:CAVSANSAGNKLTF,TRB:TGTGCTAGCAGTAGTCCCGACAGAAACACCGGGCAGCTCTACTTT;TRA:TGCGCAGTCAGTGCGAACAGTGCAGGGAACAAGCTAACTTTT,,
clonotype23,18,0.008571428571428572,TRB:CASSITNTEVFF;TRA:CAVSARGSALGRLHF,TRB:TGTGCCAGCAGTATAACCAACACAGAAGTCTTCTTT;TRA:TGTGCTGTGAGCGCGAGGGGTTCAGCCTTAGGGAGGCTGCATTTT,,TRB:gene
clonotype24,15,0.007142857142857143,TRB:CASSLLYEQYF;TRA:CAMREITGNTGKLIF,TRB:TGTGCTAGCAGTCTACTTTATGAACAGTACTTC;TRA:TGTGCTATGAGAGAGATAACAGGCAATACCGGAAAACTCATCTTT,,
clonotype25,15,0.007142857142857143,TRB:CASSLVLGQDTQYF;TRA:CAANYGNEKITF,TRB:TGTGCTAGCAGTTTGGTGCTGGGCCAAGACACCCAGTACTTT;TRA:TGTGCCGCCAACTATGGAAATGAGAAAATAACTTTT,TRB:gene,
clonotype26,15,0.007142857142857143,TRB:CASSFAGNQDTQYF;TRA:CAASYGNEKITF,TRB:TGTGCTAGCAGTTTTGCTGGGAACCAAGACACCCAGTACTTT;TRA:TGTGCAGCAAGCTATGGAAATGAGAAAATAACTTTT,TRB:gene,
clonotype27,15,0.007142857142857143,TRB:CASSDRETNERLFF,TRB:TGTGCTAGCAGTGACCGGGAAACCAACGAAAGATTATTTTTC,,
clonotype28,14,0.006666666666666667,TRB:CASSQDGRGDTGQLYF;TRA:CAASAGMMDYANKMIF;TRA:CASPITGNTGKLIF,TRB:TGTGCCAGCAGCCAAGATGGCAGGGGTGACACCGGGCAGCTCTACTTT;TRA:TGTGCAGCAAGTGCAGGGATGATGGACTATGCAAACAAGATGATCTTT;TRA:TGTGCAAGCCCAATAACAGGCAATACCGGAAAACTCATCTTT,,
clonotype29,13,0.006190476190476191,TRB:CASSYRGEVFF,TRB:TGTGCTAGCAGTTACAGGGGAGAAGTCTTCTTT,,
clonotype30,13,0.006190476190476191,TRB:CASSLRTGVAEQFF;TRA:CAATDSNYQLIW;TRA:CALGDWTGNYKYVF,TRB:TGTGCTAGCAGTTTAAGGACAGGGGTTGCTGAGCAGTTCTTC;TRA:TGTGCAGCCACGGATAGCAACTATCAGTTGATCTGG;TRA:TGTGCTCTGGGTGATTGGACAGGAAACTACAAATACGTCTTT,TRB:gene,
clonotype31,13,0.006190476190476191,TRB:CASSDRETNERLFF;TRA:CAMRGYGSSGNKLIF,TRB:TGTGCTAGCAGTGACCGGGAAACCAACGAAAGATTATTTTTC;TRA:TGTGCTATGAGAGGTTATGGGAGCAGTGGCAACAAGCTCATCTTT,,
clonotype32,13,0.006190476190476191,TRB:CASSLDPDITEVFF;TRA:CVLGDRTGGYKVVF,TRB:TGTGCCAGCAGCTTAGATCCGGACATCACAGAAGTCTTCTTT;TRA:TGTGTTCTGGGTGATAGGACTGGAGGCTATAAAGTGGTCTTT,,
clonotype33,13,0.006190476190476191,TRB:CASRDRGDNSPLYF;TRB:CASSREERANTEVFF;TRA:CAVSLDYSNNRLTL,TRB:TGTGCTAGCCGGGACAGGGGGGATAATTCGCCCCTCTACTTT;TRB:TGTGCTAGCAGTAGAGAAGAGAGGGCAAACACAGAAGTCTTCTTT;TRA:TGTGCTGTGAGCCTGGACTACAGCAACAACAGACTTACTTTG,TRB:gene,
clonotype34,13,0.006190476190476191,TRB:CASSIVSYEQYF;TRA:CAASEGGSALGRLHF,TRB:TGTGCCAGCAGTATAGTCAGTTATGAACAGTACTTC;TRA:TGTGCAGCAAGTGAGGGGGGTTCAGCCTTAGGGAGGCTGCATTTT,,TRB:gene
clonotype35,11,0.005238095238095238,TRB:CASSDRQGYTEVFF;TRA:CAAYTEGADRLTF,TRB:TGTGCCAGCAGTGACCGACAGGGGTACACAGAAGTCTTCTTT;TRA:TGTGCAGCATATACAGAAGGTGCAGATAGACTCACCTTT,,TRB:gene
clonotype36,11,0.005238095238095238,TRB:CASSLWTNTGQLYF,TRB:TGTGCTAGCAGTTTATGGACAAACACCGGGCAGCTCTACTTT,TRB:gene,
clonotype37,11,0.005238095238095238,TRB:CASSTWGGAGTQYF,TRB:TGTGCAAGCAGCACGTGGGGGGGCGCTGGCACCCAGTACTTT,,
clonotype38,10,0.004761904761904762,TRB:CASSAGINTGQLYF;TRA:CAASTSGGNYKPTF;TRA:CAMRYSNYQLIW,TRB:TGTGCCAGCAGTGCCGGGATAAACACCGGGCAGCTCTACTTT;TRA:TGCGCAGCCTCAACCTCAGGAGGAAACTACAAACCTACGTTT;TRA:TGTGCTATGAGATATAGCAACTATCAGTTGATCTGG,,TRB:gene
clonotype39,9,0.004285714285714286,TRB:CASSDHTNTEVFF;TRA:CAVSRPEGADRLTF,TRB:TGTGCCAGCAGTGATCATACAAACACAGAAGTCTTCTTT;TRA:TGTGCAGTGAGCAGGCCAGAAGGTGCAGATAGACTCACCTTT,,TRB:gene
clonotype40,9,0.004285714285714286,TRB:CASSPGNSDYTF;TRA:CAANYGNEKITF,TRB:TGTGCCAGCAGTCCCGGGAACTCCGACTACACCTTC;TRA:TGTGCAGCAAACTATGGAAATGAGAAAATAACTTTT,,TRB:gene
clonotype41,9,0.004285714285714286,TRB:CASSIISYEQYF;TRA:CAASPGGSALGRLHF,TRB:TGTGCCAGCAGTATAATCTCCTATGAACAGTACTTC;TRA:TGTGCAGCAAGCCCTGGAGGTTCAGCCTTAGGGAGGCTGCATTTT,,TRB:gene
clonotype42,8,0.0038095238095238095,TRB:CASSSGWEQYF;TRA:CATHDTNAYKVIF,TRB:TGTGCCAGCAGCTCCGGGTGGGAACAGTACTTC;TRA:TGTGCTACCCATGACACAAATGCTTACAAAGTCATCTTT,,
clonotype43,8,0.0038095238095238095,TRB:CASSDAWGGAEQYF;TRA:CAALYGNEKITF,TRB:TGTGCCAGCAGTGATGCCTGGGGGGGCGCTGAACAGTACTTC;TRA:TGTGCAGCCCTCTATGGAAATGAGAAAATAACTTTT,,TRB:gene
clonotype44,8,0.0038095238095238095,TRB:CASSNRGGEQYF;TRA:CALGDTTASLGKLQF,TRB:TGTGCTAGCAGTAACAGGGGTGGGGAACAGTACTTC;TRA:TGTGCTCTGGGTGATACAACTGCCAGTTTGGGGAAACTGCAGTTT,,
clonotype45,8,0.0038095238095238095,TRB:CASSFVRNSDYTF;TRA:CASNVGDNSKLIW,TRB:TGTGCTAGCAGTTTTGTCAGAAACTCCGACTACACCTTC;TRA:TGTGCTAGTAATGTTGGTGACAACAGTAAGCTGATTTGG,TRB:gene,
clonotype46,8,0.0038095238095238095,TRB:CASSDAGTHTEVFF;TRA:CAAFYGNEKITF,TRB:TGTGCCAGCAGTGATGCGGGCACGCACACAGAAGTCTTCTTT;TRA:TGTGCAGCCTTCTATGGAAATGAGAAAATAACTTTT,,TRB:gene
clonotype47,7,0.0033333333333333335,TRB:CASSYRGRVFF;TRA:CAMRDRSGGSNYKLTF,TRB:TGTGCCAGCAGCTACAGGGGAAGAGTCTTCTTT;TRA:TGTGCTATGAGAGATCGCAGTGGAGGCAGCAATTACAAACTGACATTT,,TRB:gene
clonotype48,7,0.0033333333333333335,TRB:CGAREGNERLFF;TRA:CAASEGGYQNFYF,TRB:TGTGGTGCTAGGGAAGGGAACGAAAGATTATTTTTC;TRA:TGTGCAGCAAGTGAAGGGGGTTACCAGAACTTCTATTTT,,
clonotype49,7,0.0033333333333333335,TRB:CASSDWGDTEVFF;TRA:CALVEGQGGRALIF,TRB:TGTGCCAGCAGTGACTGGGGTGACACAGAAGTCTTCTTT;TRA:TGTGCTCTGGTTGAGGGCCAGGGAGGCAGAGCTCTGATATTT,,TRB:gene
clonotype50,7,0.0033333333333333335,TRB:CASSHSYEQYF;TRA:CAQRPSNYQLIW;TRA:CATHDTNAYKVIF,TRB:TGTGCCAGCAGCCACTCCTATGAACAGTACTTC;TRA:TGTGCCCAAAGACCGAGCAACTATCAGTTGATCTGG;TRA:TGTGCTACGCATGACACAAATGCTTACAAAGTCATCTTT,,
clonotype51,7,0.0033333333333333335,TRB:CASSSPENTLYF;TRA:CALGNTGYQNFYF,TRB:TGTGCTAGCAGTTCGCCAGAAAACACCTTGTACTTT;TRA:TGTGCTCTGGGGAACACGGGTTACCAGAACTTCTATTTT,TRB:gene,
clonotype52,7,0.0033333333333333335,TRB:CASSQSGDNQAPLF;TRA:CAAGTGGYKVVF,TRB:TGTGCCAGCAGCCAATCAGGGGACAACCAGGCTCCGCTTTTT;TRA:TGTGCAGCAGGGACTGGAGGCTATAAAGTGGTCTTT,,
clonotype53,7,0.0033333333333333335,TRB:CASTFGLGEGTGQLYF;TRA:CALSMGGSALGRLHF,TRB:TGTGCTAGCACCTTCGGACTGGGGGAAGGCACCGGGCAGCTCTACTTT;TRA:TGTGCTCTGAGCATGGGGGGTTCAGCCTTAGGGAGGCTGCATTTT,,
clonotype54,7,0.0033333333333333335,TRB:CASSIWTSSAETLYF;TRA:CALSDNNNAPRF,TRB:TGTGCCAGCAGTATATGGACCTCTAGTGCAGAAACGCTGTATTTT;TRA:TGTGCTCTGAGTGATAACAACAATGCCCCACGATTT,,TRB:gene
clonotype55,7,0.0033333333333333335,TRB:CASSLHRSDYTF;TRA:CAMELDYANKMIF,TRB:TGTGCCAGCTCTCTCCATCGCTCCGACTACACCTTC;TRA:TGTGCTATGGAACTTGACTATGCAAACAAGATGATCTTT,,
clonotype56,6,0.002857142857142857,TRB:CASSSNTEVFF;TRA:CVLPMSNYNVLYF,TRB:TGTGCCAGCAGTTCAAACACAGAAGTCTTCTTT;TRA:TGTGTTCTCCCGATGTCTAATTACAACGTGCTTTACTTC,,TRB:gene
clonotype57,6,0.002857142857142857,TRB:CASSYRGEVFF,TRB:TGTGCTAGCAGTTACAGGGGAGAAGTCTTCTTT,,
clonotype58,6,0.002857142857142857,TRB:CASSDWTDTEVFF;TRA:CAVRGNNRIFF,TRB:TGTGCCAGCAGTGACTGGACAGACACAGAAGTCTTCTTT;TRA:TGTGCAGTGAGGGGCAATAACAGAATCTTCTTT,,TRB:gene
clonotype59,6,0.002857142857142857,TRB:CASSDHANTEVFF;TRA:CAVSMEGGNMGYKLTF,TRB:TGTGCCAGCAGTGACCATGCAAACACAGAAGTCTTCTTT;TRA:TGTGCAGTGAGCATGGAGGGGGGCAACATGGGCTACAAACTTACCTTC,,TRB:gene
clonotype60,6,0.002857142857142857,TRB:CASSLLGGYEQYF;TRA:CAASEGSNYNVLYF,TRB:TGTGCCAGCAGCTTACTGGGGGGGTATGAACAGTACTTC;TRA:TGTGCAGCAAGCGAGGGGTCTAATTACAACGTGCTTTACTTC,,
clonotype61,6,0.002857142857142857,TRB:CASSYGGARAEQFF;TRA:CAANYGNEKITF,TRB:TGTGCTAGCAGTTATGGGGGGGCGCGAGCTGAGCAGTTCTTC;TRA:TGTGCAGCAAACTATGGAAATGAGAAAATAACTTTT,TRB:gene,
clonotype62,6,0.002857142857142857,TRB:CASSFRDRAYEQYF;TRA:CAMGDYAQGLTF,TRB:TGTGCCAGCAGTTTCCGGGACAGGGCCTATGAACAGTACTTC;TRA:TGTGCTATGGGGGACTATGCCCAGGGATTAACCTTC,,
clonotype63,6,0.002857142857142857,TRB:CASRKTGENSPLYF;TRA:CAVSVDYSNNRLTL,TRB:TGTGCCAGCAGAAAGACAGGGGAGAATTCGCCCCTCTACTTT;TRA:TGTGCTGTGAGCGTGGACTACAGCAACAACAGACTTACTTTG,,
clonotype64,6,0.002857142857142857,TRB:CASSPDWGEDTQYF;TRA:CAMREWASSSFSKLVF,TRB:TGTGCCAGCAGCCCCGACTGGGGGGAAGACACCCAGTACTTT;TRA:TGTGCTATGAGAGAGTGGGCATCCTCCTCCTTCAGCAAGCTGGTGTTT,,
clonotype65,6,0.002857142857142857,TRB:CASSMWGYAETLYF;TRA:CALSANNNNAPRF,TRB:TGTGCCAGCAGTATGTGGGGATATGCAGAAACGCTGTATTTT;TRA:TGTGCTTTGAGTGCCAATAACAACAATGCCCCACGATTT,,TRB:gene
clonotype66,5,0.002380952380952381,TRB:CASSFRGEQYF;TRA:CAALTEGADRLTF,TRB:TGTGCTAGCAGTTTCAGGGGTGAACAGTACTTC;TRA:TGTGCTGCTCTTACAGAAGGTGCAGATAGACTCACCTTT,,
clonotype67,5,0.002380952380952381,TRB:CASSFSYEQYF;TRA:CALSNNRIFF;TRA:CATHDTNAYKVIF,TRB:TGTGCCAGCAGCTTCTCCTATGAACAGTACTTC;TRA:TGTGCTCTTAGCAATAACAGAATCTTCTTT;TRA:TGTGCTACTCATGACACAAATGCTTACAAAGTCATCTTT,,
clonotype68,5,0.002380952380952381,TRB:CASSDHTNTEVFF;TRA:CALTEGADRLTF,TRB:TGTGCCAGCAGTGATCACACAAACACAGAAGTCTTCTTT;TRA:TGTGCTCTGACTGAAGGTGCAGATAGACTCACCTTT,,TRB:gene
clonotype69,5,0.002380952380952381,TRB:CASSDHSNTEVFF;TRA:CAASEHSNNRIFF,TRB:TGTGCCAGCAGTGATCACAGTAACACAGAAGTCTTCTTT;TRA:TGTGCAGCTAGTGAGCATAGCAATAACAGAATCTTCTTT,,TRB:gene
clonotype70,5,0.002380952380952381,TRB:CASGDHTNTEVFF;TRA:CAVSMEGYQNFYF,TRB:TGTGCCAGCGGTGATCACACAAACACAGAAGTCTTCTTT;TRA:TGTGCAGTGAGCATGGAGGGTTACCAGAACTTCTATTTT,TRB:gene,TRB:gene
clonotype71,5,0.002380952380952381,TRB:CASSRTGTVEQYF;TRA:CSASKESNYNVLYF,TRB:TGTGCTAGCAGTAGGACCGGGACAGTTGAACAGTACTTC;TRA:TGCTCAGCAAGTAAGGAATCTAATTACAACGTGCTTTACTTC,,
clonotype72,5,0.002380952380952381,TRB:CASSLVSQNTLYF;TRA:CAMSSGSWQLIF,TRB:TGTGCTAGCAGTTTAGTGAGTCAAAACACCTTGTACTTT;TRA:TGTGCTATGTCTTCTGGCAGCTGGCAACTCATCTTT,TRB:gene,
clonotype73,5,0.002380952380952381,TRB:CASRDRGSNERLFF,TRB:TGTGCTAGCAGAGACAGAGGCTCCAACGAAAGATTATTTTTC,,
clonotype74,5,0.002380952380952381,TRB:CASTPEGLPNERLFF;TRA:CATRSNYNVLYF,TRB:TGTGCCAGCACCCCGGAGGGGCTTCCCAACGAAAGATTATTTTTC;TRA:TGTGCTACAAGGTCTAATTACAACGTGCTTTACTTC,,
clonotype75,5,0.002380952380952381,TRB:CASSITNTEVFF;TRA:CAVSERGSALGRLHF,TRB:TGTGCCAGCAGTATCACAAACACAGAAGTCTTCTTT;TRA:TGTGCTGTGAGCGAAAGAGGTTCAGCCTTAGGGAGGCTGCATTTT,,TRB:gene
clonotype76,5,0.002380952380952381,TRB:CASSFRDYSYEQYF;TRA:CATNNYAQGLTF,TRB:TGTGCCAGCAGTTTCCGGGACTACTCCTATGAACAGTACTTC;TRA:TGTGCTACTAATAACTATGCCCAGGGATTAACCTTC,,
clonotype77,5,0.002380952380952381,TRB:CASSGDRSTEVFF;TRA:CAMRNSNNRIFF,TRB:TGTGCCAGCAGTGGGGACAGGTCCACAGAAGTCTTCTTT;TRA:TGTGCTATGAGAAATAGCAATAACAGAATCTTCTTT,,TRB:gene
clonotype78,5,0.002380952380952381,TRB:CTCSADDWGPYEQYF;TRA:CAQNYGSSGNKLIF,TRB:TGCACCTGCAGTGCAGATGACTGGGGGCCCTATGAACAGTACTTC;TRA:TGTGCTCAGAATTATGGGAGCAGTGGCAACAAGCTCATCTTT,TRB:gene,
clonotype79,5,0.002380952380952381,TRB:CASKRDWGIAEQFF;TRA:CAVSDNSAGNKLTF,TRB:TGTGCCAGCAAAAGGGACTGGGGGATTGCTGAGCAGTTCTTC;TRA:TGCGCAGTCAGTGATAACAGTGCAGGGAACAAGCTAACTTTT,,TRB:gene
clonotype80,5,0.002380952380952381,TRB:CASSIWTTSAETLYF;TRA:CAVGNNNNAPRF,TRB:TGTGCCAGCAGTATATGGACAACTAGTGCAGAAACGCTGTATTTT;TRA:TGTGCAGTGGGCAATAACAACAATGCCCCACGATTT,,TRB:gene
clonotype81,5,0.002380952380952381,TRB:CASGDVGARDTQYF;TRA:CAANYGNEKITF,TRB:TGTGCCAGCGGTGATGTGGGGGCAAGGGACACCCAGTACTTT;TRA:TGTGCAGCCAACTATGGAAATGAGAAAATAACTTTT,,
clonotype82,4,0.0019047619047619048,TRB:CASSDHTNTEVFF;TRA:CALGDRPSSFSKLVF;TRA:CAVTNYGNEKITF,TRB:TGTGCCAGCAGTGACCATACAAACACAGAAGTCTTCTTT;TRA:TGTGCTCTGGGTGATCGACCCTCCTCCTTCAGCAAGCTGGTGTTT;TRA:TGTGCAGTAACCAACTATGGAAATGAGAAAATAACTTTT,,TRB:gene
clonotype83,4,0.0019047619047619048,TRB:CASSSSYEQYF;TRA:CALSYSNNRLTL;TRA:CATHDTNAYKVIF,TRB:TGTGCCAGCAGCTCCTCCTATGAACAGTACTTC;TRA:TGTGCTCTGAGCTACAGCAACAACAGACTTACTTTG;TRA:TGTGCTACTCATGACACAAATGCTTACAAAGTCATCTTT,,
clonotype84,4,0.0019047619047619048,TRB:CASSDHTNTEVFF;TRA:CAARDNTNTGKLTF,TRB:TGTGCCAGCAGTGATCACACAAACACAGAAGTCTTCTTT;TRA:TGTGCTGCAAGGGATAACACCAATACAGGCAAATTAACCTTT,,TRB:gene
clonotype85,4,0.0019047619047619048,TRB:CASSDHTNTEVFF;TRA:CAAITGSNRLTF,TRB:TGTGCCAGCAGTGATCACACAAACACAGAAGTCTTCTTT;TRA:TGTGCAGCAATTACTGGGAGTAACAGGCTCACTTTT,,TRB:gene
clonotype86,4,0.0019047619047619048,TRB:CASSDHTNTEVFF;TRA:CAAPGTQVVGQLTF,TRB:TGTGCCAGCAGTGATCACACAAACACAGAAGTCTTCTTT;TRA:TGTGCAGCGCCGGGGACACAGGTTGTGGGGCAGCTCACTTTC,,TRB:gene
clonotype87,4,0.0019047619047619048,TRB:CASSDHTNTEVFF;TRA:CAVSTGNYKYVF,TRB:TGTGCCAGCAGTGACCATACAAACACAGAAGTCTTCTTT;TRA:TGTGCAGTGAGTACAGGAAACTACAAATACGTCTTT,,TRB:gene
clonotype88,4,0.0019047619047619048,TRB:CASSDHSNTEVFF,TRB:TGTGCCAGCAGTGATCACAGTAACACAGAAGTCTTCTTT,,TRB:gene
clonotype89,4,0.0019047619047619048,TRB:CASSDWSNTEVFF;TRA:CAMREGEGAGNTGKLIF,TRB:TGTGCCAGCAGTGATTGGTCAAACACAGAAGTCTTCTTT;TRA:TGTGCTATGAGAGAGGGCGAGGGGGCAGGCAATACCGGAAAACTCATCTTT,,TRB:gene
clonotype90,4,0.0019047619047619048,TRB:CASSDHTNTEVFF;TRA:CAVNTEGADRLTF;TRA:CILRVEGSNAKLTF,TRB:TGTGCCAGCAGTGATCACACAAACACAGAAGTCTTCTTT;TRA:TGTGCAGTCAATACAGAAGGTGCAGATAGACTCACCTTT;TRA:TGTATCCTGAGAGTAGAAGGAAGCAATGCAAAGCTAACCTTC,,TRB:gene
clonotype91,4,0.0019047619047619048,TRB:CASSRLGEEQYF;TRA:CAAEGYQGGRALIF,TRB:TGTGCCAGCAGCAGACTGGGGGAGGAACAGTACTTC;TRA:TGTGCTGCTGAGGGCTACCAGGGAGGCAGAGCTCTGATATTT,,
clonotype92,4,0.0019047619047619048,TRB:CASSDWGNTEVFF;TRA:CAASENSNNRIFF,TRB:TGTGCCAGCAGTGATTGGGGAAACACAGAAGTCTTCTTT;TRA:TGTGCAGCTAGTGAGAATAGCAATAACAGAATCTTCTTT,,TRB:gene
clonotype93,4,0.0019047619047619048,TRB:CASSDGGAPTEVFF;TRA:CAAFYGNEKITF,TRB:TGTGCCAGCAGTGATGGAGGGGCGCCCACAGAAGTCTTCTTT;TRA:TGTGCAGCATTCTATGGAAATGAGAAAATAACTTTT,,TRB:gene
clonotype94,4,0.0019047619047619048,TRB:CASSGQGGIAEQFF;TRA:CAAPNYGNEKITF;TRA:CALGDYRTGYQNFYF,TRB:TGTGCCAGCAGTGGACAGGGAGGGATTGCTGAGCAGTTCTTC;TRA:TGTGCTGCCCCCAACTATGGAAATGAGAAAATAACTTTT;TRA:TGTGCTCTGGGTGACTATCGCACGGGTTACCAGAACTTCTATTTT,,TRB:gene
clonotype95,4,0.0019047619047619048,TRB:CASSQDERNSDYTF;TRB:CASSSWTGSAETLYF;TRA:CAASYNYAQGLTF,TRB:TGTGCCAGCAGCCAAGATGAGAGGAACTCCGACTACACCTTC;TRB:TGTGCCAGCAGTTCATGGACAGGGAGTGCAGAAACGCTGTATTTT;TRA:TGTGCAGCAAGTTATAACTATGCCCAGGGATTAACCTTC,,TRB:gene
clonotype96,4,0.0019047619047619048,TRB:CASSSGGGDTEVFF;TRA:CAVSAPGTGSNRLTF,TRB:TGTGCTAGCAGTTCAGGAGGGGGAGACACAGAAGTCTTCTTT;TRA:TGCGCAGTCAGTGCTCCAGGCACTGGGAGTAACAGGCTCACTTTT,TRB:gene,
clonotype97,4,0.0019047619047619048,TRB:CASSDRETNERLFF;TRA:CAMRGYGSSGNKLIF,TRB:TGTGCTAGCAGTGACCGGGAAACCAACGAAAGATTATTTTTC;TRA:TGTGCTATGAGAGGTTATGGGAGCAGTGGCAACAAGCTCATCTTT,,
clonotype98,4,0.0019047619047619048,TRB:CASRRTGANSPLYF;TRA:CAVSIDYSNNRLTL,TRB:TGTGCCAGCAGAAGGACAGGGGCGAATTCGCCCCTCTACTTT;TRA:TGTGCTGTGAGCATTGACTACAGCAACAACAGACTTACTTTG,,
clonotype99,4,0.0019047619047619048,TRB:CASSQDGRGAGNTLYF;TRA:CAASASNTEGADRLTF,TRB:TGTGCCAGCAGCCAAGACGGCAGGGGGGCTGGAAATACGCTCTATTTT;TRA:TGTGCTGCAAGTGCATCGAATACAGAAGGTGCAGATAGACTCACCTTT,,
clonotype100,4,0.0019047619047619048,TRB:CASSREGGGSTEVFF;TRA:CAMREGGSALGRLHF,TRB:TGTGCTAGCAGTAGAGAAGGGGGCGGTAGCACAGAAGTCTTCTTT;TRA:TGTGCTATGAGAGAGGGGGGTTCAGCCTTAGGGAGGCTGCATTTT,,
clonotype101,4,0.0019047619047619048,TRB:CASSLDDWGSYEQYF;TRA:CAVSVNVGDNSKLIW,TRB:TGTGCAAGCAGCTTAGATGACTGGGGGTCCTATGAACAGTACTTC;TRA:TGCGCAGTCAGTGTTAATGTTGGTGACAACAGTAAGCTGATTTGG,,
clonotype102,4,0.0019047619047619048,TRB:CASRNRENNQAPLF;TRA:CAVNMGYKLTF;TRA:CAVSLDYSNNRLTL,TRB:TGTGCCAGCAGAAACAGGGAAAACAACCAGGCTCCGCTTTTT;TRA:TGTGCAGTAAACATGGGCTACAAACTTACCTTC;TRA:TGTGCTGTGAGTCTGGACTACAGCAACAACAGACTTACTTTG,,TRB:gene
clonotype103,4,0.0019047619047619048,TRB:CASSSWTGSAETLYF;TRA:CAMRETGGSNAKLTF,TRB:TGTGCCAGCAGTTCATGGACAGGGAGTGCAGAAACGCTGTATTTT;TRA:TGTGCTATGAGAGAGACTGGAGGAAGCAATGCAAAGCTAACCTTC,,TRB:gene
clonotype104,4,0.0019047619047619048,TRB:CASSLGEGQNTLYF,TRB:TGTGCCAGCTCTCTCGGGGAAGGTCAAAACACCTTGTACTTT,,
clonotype105,3,0.0014285714285714286,TRB:CGAREGYSDYTF;TRA:CALGEAGYQNFYF,TRB:TGTGGTGCTAGGGAGGGGTACTCCGACTACACCTTC;TRA:TGTGCTCTGGGTGAAGCGGGTTACCAGAACTTCTATTTT,,
clonotype106,3,0.0014285714285714286,TRB:CASKQGSDYTF;TRA:CAMDTGTNAYKVIF,TRB:TGTGCCAGCAAACAGGGCTCCGACTACACCTTC;TRA:TGTGCTATGGATACGGGAACAAATGCTTACAAAGTCATCTTT,,TRB:gene
clonotype107,3,0.0014285714285714286,TRB:CASSLSGRGTEVFF;TRB:CASSQQIRQGFF;TRA:CAADLDYANKMIF,TRB:TGTGCTAGCAGTTTATCTGGGAGAGGCACAGAAGTCTTCTTT;TRB:TGTGCCAGCAGCCAACAGATTCGACAAGGCTTCTTT;TRA:TGTGCTGCTGATCTGGACTATGCAAACAAGATGATCTTT,TRB:gene,
clonotype108,3,0.0014285714285714286,TRB:CASSDNSNTEVFF;TRA:CALGEGTNAYKVIF,TRB:TGTGCCAGCAGTGATAACAGTAACACAGAAGTCTTCTTT;TRA:TGTGCTCTGGGTGAGGGCACAAATGCTTACAAAGTCATCTTT,,TRB:gene
clonotype109,3,0.0014285714285714286,TRB:CASSEWDNTEVFF;TRA:CAVAGTGGYKVVF,TRB:TGTGCCAGCAGTGAATGGGACAACACAGAAGTCTTCTTT;TRA:TGTGCAGTGGCCGGGACTGGAGGCTATAAAGTGGTCTTT,,TRB:gene
clonotype110,3,0.0014285714285714286,TRB:CASSDHANTEVFF;TRA:CAVLDTNAYKVIF,TRB:TGTGCCAGCAGTGACCATGCAAACACAGAAGTCTTCTTT;TRA:TGTGCAGTTCTTGACACAAATGCTTACAAAGTCATCTTT,,TRB:gene
clonotype111,3,0.0014285714285714286,TRB:CASSDWTDTEVFF;TRA:CAVSGVGNEKITF,TRB:TGTGCCAGCAGTGATTGGACAGACACAGAAGTCTTCTTT;TRA:TGTGCAGTGAGCGGGGTTGGAAATGAGAAAATAACTTTT,,TRB:gene
clonotype112,3,0.0014285714285714286,TRB:CASSPGYEQYF;TRA:CATHDTNAYKVIF,TRB:TGTGCCAGCAGCCCGGGCTATGAACAGTACTTC;TRA:TGTGCTACTCACGACACAAATGCTTACAAAGTCATCTTT,,
clonotype113,3,0.0014285714285714286,TRB:CASSSGFEQYF;TRA:CATHDTNAYKVIF,TRB:TGTGCCAGCAGCTCAGGATTTGAACAGTACTTC;TRA:TGTGCTACTCATGACACAAATGCTTACAAAGTCATCTTT,,
clonotype114,3,0.0014285714285714286,TRB:CASSDWGNTEVFF;TRA:CALSEPEGADRLTF,TRB:TGTGCCAGCAGTGATTGGGGAAACACAGAAGTCTTCTTT;TRA:TGTGCTCTGAGTGAGCCAGAAGGTGCAGATAGACTCACCTTT,,TRB:gene
clonotype115,3,0.0014285714285714286,TRB:CAWRDWENTGQLYF;TRA:CAASPSNTGYQNFYF,TRB:TGTGCCTGGAGGGACTGGGAGAACACCGGGCAGCTCTACTTT;TRA:TGTGCAGCAAGCCCCTCGAACACGGGTTACCAGAACTTCTATTTT,,
clonotype116,3,0.0014285714285714286,TRB:CASSDHDNTEVFF,TRB:TGTGCCAGCAGTGATCATGACAACACAGAAGTCTTCTTT,,TRB:gene
clonotype117,3,0.0014285714285714286,TRB:CASSWTGYAEQFF;TRA:CSASRDYNQGKLIF,TRB:TGTGCTAGCAGTTGGACAGGATATGCTGAGCAGTTCTTC;TRA:TGCTCAGCAAGTAGGGATTATAACCAGGGGAAGCTTATCTTT,TRB:gene,
clonotype118,3,0.0014285714285714286,TRB:CASSDRDWAEQFF;TRA:CAASEPSNYNVLYF;TRA:CALGMSNYNVLYF,TRB:TGTGCTAGCAGTGACAGGGATTGGGCTGAGCAGTTCTTC;TRA:TGTGCAGCTAGTGAGCCGTCTAATTACAACGTGCTTTACTTC;TRA:TGTGCTCTGGGGATGTCTAATTACAACGTGCTTTACTTC,,
clonotype119,3,0.0014285714285714286,TRB:CASSQEEGTEVFF;TRA:CAAGTGGYKVVF,TRB:TGTGCCAGCAGCCAAGAAGAGGGCACAGAAGTCTTCTTT;TRA:TGTGCTGCCGGGACTGGAGGCTATAAAGTGGTCTTT,,
clonotype120,3,0.0014285714285714286,TRB:CASSLFSGNTLYF;TRA:CAVSEGSALGRLHF,TRB:TGTGCTAGCAGTTTGTTTTCTGGAAATACGCTCTATTTT;TRA:TGTGCTGTGAGCGAAGGTTCAGCCTTAGGGAGGCTGCATTTT,TRB:gene,
clonotype121,3,0.0014285714285714286,TRB:CASSPTGGYEQYF;TRA:CAASKESNYNVLYF,TRB:TGTGCTAGCAGTCCTACAGGGGGCTATGAACAGTACTTC;TRA:TGTGCAGCAAGCAAGGAGTCTAATTACAACGTGCTTTACTTC,,
clonotype122,3,0.0014285714285714286,TRB:CASSDAGANTEVFF;TRA:CAASYGNEKITF,TRB:TGTGCCAGCAGTGATGCGGGGGCAAACACAGAAGTCTTCTTT;TRA:TGTGCAGCAAGTTATGGAAATGAGAAAATAACTTTT,,TRB:gene
clonotype123,3,0.0014285714285714286,TRB:CASSDAGGANTLYF;TRA:CAANYGNEKITF,TRB:TGTGCCAGCAGTGATGCTGGGGGGGCAAACACCTTGTACTTT;TRA:TGTGCAGCAAACTATGGAAATGAGAAAATAACTTTT,,TRB:gene
clonotype124,3,0.0014285714285714286,TRB:CASRSRDNNQAPLF;TRA:CAVSMDYSNNRLTL,TRB:TGTGCCAGCAGGTCCAGGGATAACAACCAGGCTCCGCTTTTT;TRA:TGTGCTGTGAGCATGGACTACAGCAACAACAGACTTACTTTG,,
clonotype125,3,0.0014285714285714286,TRB:CASSPTINQDTQYF;TRA:CALMDYSNNRLTL,TRB:TGTGCTAGCAGTCCTACAATTAACCAAGACACCCAGTACTTT;TRA:TGTGCTCTGATGGACTACAGCAACAACAGACTTACTTTG,TRB:gene,
clonotype126,3,0.0014285714285714286,TRB:CASSPDLGDTQYF;TRA:CAVSAPSGSWQLIF,TRB:TGTGCCAGCAGTCCCGACTTGGGGGACACCCAGTACTTT;TRA:TGCGCAGTCAGTGCCCCTTCTGGCAGCTGGCAACTCATCTTT,,
clonotype127,3,0.0014285714285714286,TRB:CASSWANNYAEQFF;TRA:CAVSPTTASLGKLQF,TRB:TGTGCTAGCAGTTGGGCGAATAACTATGCTGAGCAGTTCTTC;TRA:TGCGCAGTCAGTCCCACAACTGCCAGTTTGGGGAAACTGCAGTTT,TRB:gene,
clonotype128,3,0.0014285714285714286,TRB:CASRWGGGAETLYF;TRA:CALGDLPSSSFSKLVF,TRB:TGTGCTAGCCGCTGGGGGGGTGGTGCAGAAACGCTGTATTTT;TRA:TGTGCTCTGGGTGACCTCCCATCCTCCTCCTTCAGCAAGCTGGTGTTT,TRB:gene,
clonotype129,3,0.0014285714285714286,TRB:CASSITNTEVFF;TRA:CAVSARGSALGRLHF,TRB:TGTGCCAGCAGTATTACAAACACAGAAGTCTTCTTT;TRA:TGTGCTGTGAGCGCGAGAGGTTCAGCCTTAGGGAGGCTGCATTTT,,TRB:gene
clonotype130,3,0.0014285714285714286,TRB:CASSFRDWSYEQYF;TRA:CAHNQGKLIF;TRA:CALGTGSNRLTF,TRB:TGTGCCAGCAGTTTCCGGGACTGGTCTTATGAACAGTACTTC;TRA:TGTGCCCATAACCAGGGGAAGCTTATCTTT;TRA:TGTGCTCTGGGCACTGGGAGTAACAGGCTCACTTTT,,
clonotype131,3,0.0014285714285714286,TRB:CASSPGGARNTLYF;TRA:CAVSMDSNYQLIW,TRB:TGTGCAAGCAGCCCTGGGGGGGCACGAAACACCTTGTACTTT;TRA:TGTGCTGTGAGCATGGATAGCAACTATCAGTTGATCTGG,,
clonotype132,3,0.0014285714285714286,TRB:CASSYWTGINERLFF;TRA:CALSPLNTNTGKLTF,TRB:TGTGCTAGCAGTTATTGGACAGGGATCAACGAAAGATTATTTTTC;TRA:TGTGCTCTGAGTCCACTTAACACCAATACAGGCAAATTAACCTTT,TRB:gene,
clonotype133,3,0.0014285714285714286,TRB:CASSVWGGGLNTGQLYF;TRA:CALRPGTGSNRLTF,TRB:TGTGCCAGCAGTGTCTGGGGGGGGGGCCTGAACACCGGGCAGCTCTACTTT;TRA:TGTGCTCTGAGACCGGGCACTGGGAGTAACAGGCTCACTTTT,,TRB:gene
clonotype134,3,0.0014285714285714286,TRB:CASSFRDWGGASTLYF;TRA:CAATPGYQNFYF,TRB:TGTGCCAGCAGCTTCCGGGACTGGGGGGGCGCGAGCACCTTGTACTTT;TRA:TGTGCAGCAACCCCGGGTTACCAGAACTTCTATTTT,,
clonotype135,3,0.0014285714285714286,TRB:CASSGDRSTEVFF;TRA:CAMRNSNNRIFF,TRB:TGTGCCAGCAGTGGGGACAGGTCCACAGAAGTCTTCTTT;TRA:TGTGCTATGAGAAATAGCAATAACAGAATCTTCTTT,,TRB:gene
clonotype136,3,0.0014285714285714286,TRB:CASSLDDWGSSYEQYF,TRB:TGTGCAAGCAGCTTAGATGACTGGGGGAGCTCCTATGAACAGTACTTC,,
clonotype137,3,0.0014285714285714286,TRB:CASSQEGLVGGQDTQYF;TRA:CAASGASSSFSKLVF,TRB:TGTGCCAGCAGCCAAGAGGGCCTCGTGGGGGGGCAAGACACCCAGTACTTT;TRA:TGTGCTGCAAGTGGAGCATCCTCCTCCTTCAGCAAGCTGGTGTTT,,
clonotype138,3,0.0014285714285714286,TRB:CASSIWDSYNSPLYF;TRA:CALSDMGYKLTF,TRB:TGTGCCAGCAGTATTTGGGATTCCTATAATTCGCCCCTCTACTTT;TRA:TGTGCTCTGAGTGACATGGGCTACAAACTTACCTTC,,TRB:gene
clonotype139,3,0.0014285714285714286,TRB:CASSMWTTSAETLYF;TRA:CALRNNNNAPRF,TRB:TGTGCCAGCAGTATGTGGACAACTAGTGCAGAAACGCTGTATTTT;TRA:TGTGCTCTGAGAAATAACAACAATGCCCCACGATTT,,TRB:gene
clonotype140,3,0.0014285714285714286,TRB:CASSDAGGRDTQYF;TRA:CAAKYGNEKITF,TRB:TGTGCCAGCAGTGATGCGGGGGGGCGGGACACCCAGTACTTT;TRA:TGTGCAGCAAAATATGGAAATGAGAAAATAACTTTT,,TRB:gene
clonotype141,3,0.0014285714285714286,TRB:CASSLWGHQDTQYF;TRA:CAVTYNTNTGKLTF,TRB:TGTGCCAGCTCCCTCTGGGGGCACCAAGACACCCAGTACTTT;TRA:TGTGCTGTGACGTATAACACCAATACAGGCAAATTAACCTTT,,
clonotype142,2,0.0009523809523809524,TRB:CASSPGNSDYTF;TRA:CAANYGNEKITF,TRB:TGTGCCAGCAGTCCAGGGAACTCCGACTACACCTTC;TRA:TGTGCAGCGAACTATGGAAATGAGAAAATAACTTTT,,TRB:gene
clonotype143,2,0.0009523809523809524,TRB:CASSDNSNTEVFF;TRA:CALGEGTNAYKVIF,TRB:TGTGCCAGCAGTGACAACTCAAACACAGAAGTCTTCTTT;TRA:TGTGCTCTGGGTGAAGGCACAAATGCTTACAAAGTCATCTTT,,TRB:gene
clonotype144,2,0.0009523809523809524,TRB:CASSDWSYAEQFF;TRA:CAAKTASLGKLQF,TRB:TGTGCCAGCAGTGACTGGAGCTATGCTGAGCAGTTCTTC;TRA:TGTGCAGCAAAAACTGCCAGTTTGGGGAAACTGCAGTTT,,TRB:gene
clonotype145,2,0.0009523809523809524,TRB:CASSDWDNTEVFF;TRA:CALSVHANKMIF;TRA:CAVSMREGADRLTF,TRB:TGTGCCAGCAGTGATTGGGACAACACAGAAGTCTTCTTT;TRA:TGTGCTCTGAGTGTCCATGCAAACAAGATGATCTTT;TRA:TGTGCAGTGAGCATGAGGGAAGGTGCAGATAGACTCACCTTT,,TRB:gene
clonotype146,2,0.0009523809523809524,TRB:CASSTSFEQYF;TRA:CATHDTNAYKVIF,TRB:TGTGCCAGCAGCACCTCTTTTGAACAGTACTTC;TRA:TGTGCTACCCATGACACAAATGCTTACAAAGTCATCTTT,,
clonotype147,2,0.0009523809523809524,TRB:CASSDWENTEVFF;TRB:CASSYKDNNQAPLF;TRA:CILSQGTGSKLSF,TRB:TGTGCCAGCAGTGATTGGGAAAACACAGAAGTCTTCTTT;TRB:TGTGCCAGCAGTTACAAGGATAACAACCAGGCTCCGCTTTTT;TRA:TGTATCCTGAGTCAAGGCACTGGGTCTAAGCTGTCATTT,,TRB:gene
clonotype148,2,0.0009523809523809524,TRB:CASSDAANTEVFF;TRA:CAASEHNNNAPRF,TRB:TGTGCCAGCAGTGATGCAGCAAACACAGAAGTCTTCTTT;TRA:TGTGCAGCTAGTGAGCATAACAACAATGCCCCACGATTT,,TRB:gene
clonotype149,2,0.0009523809523809524,TRB:CASSDAANTEVFF;TRA:CAASEHNNNAPRF,TRB:TGTGCCAGCAGTGATGCCGCAAACACAGAAGTCTTCTTT;TRA:TGTGCAGCTAGTGAGCATAACAACAATGCCCCACGATTT,,TRB:gene
clonotype150,2,0.0009523809523809524,TRB:CASSDHANTEVFF;TRA:CAVSFTEGADRLTF,TRB:TGTGCCAGCAGTGACCATGCAAACACAGAAGTCTTCTTT;TRA:TGTGCAGTGAGCTTTACAGAAGGTGCAGATAGACTCACCTTT,,TRB:gene
clonotype151,2,0.0009523809523809524,TRB:CASSDHTNTEVFF;TRA:CAVSMSSSSFSKLVF,TRB:TGTGCCAGCAGTGACCACACAAACACAGAAGTCTTCTTT;TRA:TGTGCAGTGAGCATGAGCTCCTCCTCCTTCAGCAAGCTGGTGTTT,,TRB:gene
clonotype152,2,0.0009523809523809524,TRB:CASSDHSNTEVFF;TRA:CALGDGSGQKLVF,TRB:TGTGCCAGCAGTGATCACAGTAACACAGAAGTCTTCTTT;TRA:TGTGCTCTGGGTGATGGGAGTGGCCAGAAGCTGGTTTTT,,TRB:gene
clonotype153,2,0.0009523809523809524,TRB:CASSDHSNTEVFF;TRA:CALGDGTGSKLSF,TRB:TGTGCCAGCAGTGATCACTCAAACACAGAAGTCTTCTTT;TRA:TGTGCTCTGGGTGACGGCACTGGGTCTAAGCTGTCATTT,,TRB:gene
clonotype154,2,0.0009523809523809524,TRB:CASSDGNSDYTF;TRA:CAANYGNEKITF,TRB:TGTGCCAGCAGTGATGGGAACTCCGACTACACCTTC;TRA:TGTGCAGCAAACTATGGAAATGAGAAAATAACTTTT,,TRB:gene
clonotype155,2,0.0009523809523809524,TRB:CASSDWGATPQYF;TRA:CALRTEGADRLTF,TRB:TGTGCCAGCAGTGACTGGGGGGCAACCCCCCAGTACTTT;TRA:TGTGCTCTTAGGACAGAAGGTGCAGATAGACTCACCTTT,,TRB:gene
clonotype156,2,0.0009523809523809524,TRB:CASSDWTNTEVFF;TRA:CAASENNNAPRF,TRB:TGTGCCAGCAGTGATTGGACAAACACAGAAGTCTTCTTT;TRA:TGTGCAGCTAGTGAGAACAACAATGCCCCACGATTT,,TRB:gene
clonotype157,2,0.0009523809523809524,TRB:CASSDHTNTEVFF;TRA:CAAEAGGSNAKLTF;TRA:CAAPNNNNAPRF,TRB:TGTGCCAGCAGTGATCACACAAACACAGAAGTCTTCTTT;TRA:TGTGCTGCTGAGGCCGGAGGAAGCAATGCAAAGCTAACCTTC;TRA:TGTGCAGCCCCCAATAACAACAATGCCCCACGATTT,,TRB:gene
clonotype158,2,0.0009523809523809524,TRB:CASSDHSNTEVFF;TRA:CAAIEGADRLTF;TRA:CAVSPNNNAGAKLTF,TRB:TGTGCCAGCAGTGACCATTCAAACACAGAAGTCTTCTTT;TRA:TGTGCAGCAATCGAAGGTGCAGATAGACTCACCTTT;TRA:TGTGCAGTGAGCCCCAATAATAATGCAGGTGCCAAGCTCACATTC,,TRB:gene
clonotype159,2,0.0009523809523809524,TRB:CASSDWGQGTEVFF;TRB:CASSSSGQSNSDYTF;TRA:CAAEPLVNQGGSAKLIF,TRB:TGTGCCAGCAGTGATTGGGGGCAAGGCACAGAAGTCTTCTTT;TRB:TGTGCCAGCAGCTCCTCGGGACAGTCAAACTCCGACTACACCTTC;TRA:TGTGCTGCTGAGCCCCTTGTGAATCAAGGAGGGTCTGCGAAGCTCATCTTT,,TRB:gene
clonotype160,2,0.0009523809523809524,TRB:CASSDWGNTEVFF;TRB:CTCSAEGRGPNSDYTF;TRA:CAVIISLNQGGSAKLIF,TRB:TGTGCCAGCAGTGATTGGGGTAACACAGAAGTCTTCTTT;TRB:TGCACCTGCAGTGCAGAAGGGCGGGGGCCAAACTCCGACTACACCTTC;TRA:TGTGCAGTGATCATTTCCTTGAATCAAGGAGGGTCTGCGAAGCTCATCTTT,TRB:gene,TRB:gene
clonotype161,2,0.0009523809523809524,TRB:CASSDHTNTEVFF;TRA:CAANSNNRIFF,TRB:TGTGCCAGCAGTGATCACACAAACACAGAAGTCTTCTTT;TRA:TGTGCAGCAAATAGCAATAACAGAATCTTCTTT,,TRB:gene
clonotype162,2,0.0009523809523809524,TRB:CASSDHTNTEVFF;TRA:CAAIASSSFSKLVF,TRB:TGTGCCAGCAGTGATCACACAAACACAGAAGTCTTCTTT;TRA:TGCGCAGCGATAGCATCCTCCTCCTTCAGCAAGCTGGTGTTT,,TRB:gene
clonotype163,2,0.0009523809523809524,TRB:CASSDHSNTEVFF;TRA:CAASASSSFSKLVF,TRB:TGTGCCAGCAGTGATCACAGTAACACAGAAGTCTTCTTT;TRA:TGTGCAGCAAGTGCGTCCTCCTCCTTCAGCAAGCTGGTGTTT,,TRB:gene
clonotype164,2,0.0009523809523809524,TRB:CASRLGYTEVFF;TRA:CAASAQNYAQGLTF,TRB:TGTGCTAGCCGCCTGGGGTACACAGAAGTCTTCTTT;TRA:TGTGCAGCAAGTGCACAGAACTATGCCCAGGGATTAACCTTC,TRB:gene,
clonotype165,2,0.0009523809523809524,TRB:CASSDHTNTEVFF;TRA:CAASDGNYAQGLTF,TRB:TGTGCCAGCAGTGATCACACAAACACAGAAGTCTTCTTT;TRA:TGTGCAGCAAGTGACGGTAACTATGCCCAGGGATTAACCTTC,,TRB:gene
clonotype166,2,0.0009523809523809524,TRB:CASSDNTNTEVFF;TRA:CALTEGADRLTF,TRB:TGTGCCAGCAGTGATAACACCAACACAGAAGTCTTCTTT;TRA:TGTGCTTTGACAGAAGGTGCAGATAGACTCACCTTT,,TRB:gene
clonotype167,2,0.0009523809523809524,TRB:CASSDSGAPQNTLYF;TRA:CAIWGNMGYKLTF,TRB:TGTGCCAGCAGTGATAGTGGGGCCCCTCAAAACACCTTGTACTTT;TRA:TGTGCTATCTGGGGCAACATGGGCTACAAACTTACCTTC,,TRB:gene
clonotype168,2,0.0009523809523809524,TRB:CASSPGQYNSPLYF;TRA:CAVSDSGTYQRF,TRB:TGTGCCAGCAGCCCGGGACAGTATAATTCGCCCCTCTACTTT;TRA:TGTGCTGTGAGTGATTCTGGGACTTACCAGAGGTTT,,
clonotype169,2,0.0009523809523809524,TRB:CASNWDYAEQFF;TRA:CAVSSSNYNVLYF,TRB:TGTGCCAGCAACTGGGACTATGCTGAGCAGTTCTTC;TRA:TGCGCAGTCAGTTCCTCTAATTACAACGTGCTTTACTTC,,
clonotype170,2,0.0009523809523809524,TRB:CASSDAGGAREQYF;TRA:CAALYGNEKITF,TRB:TGTGCCAGCAGTGATGCTGGGGGGGCGAGGGAACAGTACTTC;TRA:TGTGCAGCCTTGTATGGAAATGAGAAAATAACTTTT,,TRB:gene
clonotype171,2,0.0009523809523809524,TRB:CASSIQGGAEQFF;TRA:CAAWGGSALGRLHF;TRA:CAVSARGTGSNRLTF,TRB:TGTGCTAGCAGTATACAGGGTGGGGCTGAGCAGTTCTTC;TRA:TGTGCAGCATGGGGAGGTTCAGCCTTAGGGAGGCTGCATTTT;TRA:TGTGCTGTGAGCGCGCGGGGCACTGGGAGTAACAGGCTCACTTTT,TRB:gene,
clonotype172,2,0.0009523809523809524,TRB:CASSLWTNSPLYF;TRA:CAASDTGGNNKLTF,TRB:TGTGCTAGCAGTTTATGGACAAATTCGCCCCTCTACTTT;TRA:TGTGCAGCAAGTGACACTGGAGGCAATAATAAGCTGACTTTT,TRB:gene,
clonotype173,2,0.0009523809523809524,TRB:CASSLSGGGNTLYF;TRA:CATAANYNVLYF,TRB:TGTGCTAGCAGTTTATCGGGAGGTGGAAATACGCTCTATTTT;TRA:TGTGCTACGGCGGCTAATTACAACGTGCTTTACTTC,TRB:gene,
clonotype174,2,0.0009523809523809524,TRB:CASSSPENTEVFF;TRA:CAVSTGGNNKLTF,TRB:TGTGCCAGCAGTTCGCCAGAAAACACAGAAGTCTTCTTT;TRA:TGCGCAGTCAGTACTGGAGGCAATAATAAGCTGACTTTT,,
clonotype175,2,0.0009523809523809524,TRB:CASSLYTANTEVFF;TRA:CAVRDTNAYKVIF,TRB:TGTGCTAGCAGTTTATATACAGCAAACACAGAAGTCTTCTTT;TRA:TGTGCAGTTAGGGACACAAATGCTTACAAAGTCATCTTT,TRB:gene,
clonotype176,2,0.0009523809523809524,TRB:CASSSRQTNSDYTF;TRA:CAASGASSSFSKLVF;TRA:CAVKSNYNVLYF,TRB:TGTGCTAGCAGTAGTCGGCAGACAAACTCCGACTACACCTTC;TRA:TGTGCTGCAAGTGGAGCATCCTCCTCCTTCAGCAAGCTGGTGTTT;TRA:TGTGCTGTGAAGTCTAATTACAACGTGCTTTACTTC,,
clonotype177,2,0.0009523809523809524,TRB:CASSFTISGNTLYF;TRA:CAANYGNEKITF,TRB:TGTGCTAGCAGTTTTACAATCTCTGGAAATACGCTCTATTTT;TRA:TGTGCTGCAAACTATGGAAATGAGAAAATAACTTTT,TRB:gene,
clonotype178,2,0.0009523809523809524,TRB:CASSGGGGDTEVFF;TRA:CAVSAPSNYQLIW,TRB:TGTGCTAGCAGTGGGGGTGGGGGAGACACAGAAGTCTTCTTT;TRA:TGCGCAGTCAGTGCACCCAGCAACTATCAGTTGATCTGG,TRB:gene,
clonotype179,2,0.0009523809523809524,TRB:CASSMTGNNSPLYF;TRA:CAVSERGSALGRLHF,TRB:TGTGCTAGCAGTATGACAGGGAATAATTCGCCCCTCTACTTT;TRA:TGTGCTGTGAGCGAGCGAGGTTCAGCCTTAGGGAGGCTGCATTTT,,
clonotype180,2,0.0009523809523809524,TRB:CASRDRGNNQAPLF;TRA:CAVSADYSNNRLTL,TRB:TGTGCCAGCAGGGACAGGGGTAACAACCAGGCTCCGCTTTTT;TRA:TGTGCTGTGAGCGCGGACTACAGCAACAACAGACTTACTTTG,,
clonotype181,2,0.0009523809523809524,TRB:CASSSGGGDTEVFF;TRA:CAVSAPSGSWQLIF,TRB:TGTGCTAGCAGTTCCGGGGGAGGGGACACAGAAGTCTTCTTT;TRA:TGCGCAGTCAGTGCACCTTCTGGCAGCTGGCAACTCATCTTT,TRB:gene,
clonotype182,2,0.0009523809523809524,TRB:CASSLGGGDTEVFF;TRA:CAVSGSSSFSKLVF,TRB:TGTGCTAGCAGTTTGGGGGGGGGAGACACAGAAGTCTTCTTT;TRA:TGCGCAGTCAGTGGGTCCTCCTCCTTCAGCAAGCTGGTGTTT,TRB:gene,
clonotype183,2,0.0009523809523809524,TRB:CASSLGGFNQAPLF;TRA:CALGEDSNYQLIW,TRB:TGTGCTAGCAGTTTAGGGGGGTTCAACCAGGCTCCGCTTTTT;TRA:TGTGCTCTGGGTGAAGATAGCAACTATCAGTTGATCTGG,TRB:gene,
clonotype184,2,0.0009523809523809524,TRB:CASSPYRGQNTLYF;TRA:CAVSENTGYQNFYF,TRB:TGTGCTAGCAGCCCCTACAGGGGTCAAAACACCTTGTACTTT;TRA:TGCGCAGTCAGTGAGAACACGGGTTACCAGAACTTCTATTTT,,
clonotype185,2,0.0009523809523809524,TRB:CASSFTANQDTQYF;TRA:CAANYGNEKITF,TRB:TGTGCTAGCAGTTTCACAGCTAACCAAGACACCCAGTACTTT;TRA:TGTGCAGCAAACTATGGAAATGAGAAAATAACTTTT,TRB:gene,
clonotype186,2,0.0009523809523809524,TRB:CASSVWVANTGQLYF;TRA:CAANYGNEKITF,TRB:TGTGCCAGCAGTGTCTGGGTTGCAAACACCGGGCAGCTCTACTTT;TRA:TGTGCAGCCAACTATGGAAATGAGAAAATAACTTTT,,TRB:gene
clonotype187,2,0.0009523809523809524,TRB:CASSPRDRGRDTQYF;TRA:CAASDLNYNVLYF,TRB:TGTGCTAGCAGTCCCCGGGACAGGGGGCGAGACACCCAGTACTTT;TRA:TGTGCAGCTAGTGACCTCAATTACAACGTGCTTTACTTC,TRB:gene,
clonotype188,2,0.0009523809523809524,TRB:CASSLAQSGNTLYF;TRA:CAVTNYAQGLTF,TRB:TGTGCCAGCAGCTTAGCGCAGTCTGGAAATACGCTCTATTTT;TRA:TGTGCTGTGACGAACTATGCCCAGGGATTAACCTTC,,
clonotype189,2,0.0009523809523809524,TRB:CASSITNTEVFF;TRA:CAVSARGSALGRLHF,TRB:TGTGCCAGCAGTATAACAAACACAGAAGTCTTCTTT;TRA:TGTGCTGTGAGCGCGAGGGGTTCAGCCTTAGGGAGGCTGCATTTT,,TRB:gene
clonotype190,2,0.0009523809523809524,TRB:CASSWTGGSQNTLYF;TRA:CVLSANNYAQGLTF,TRB:TGTGCTAGCAGCTGGACTGGGGGTAGTCAAAACACCTTGTACTTT;TRA:TGTGTTTTGAGCGCGAATAACTATGCCCAGGGATTAACCTTC,TRB:gene,
clonotype191,2,0.0009523809523809524,TRB:CASRRTASNERLFF;TRA:CAVSMDYSNNRLTL,TRB:TGTGCCAGCAGACGGACAGCTTCCAACGAAAGATTATTTTTC;TRA:TGTGCTGTGAGCATGGACTACAGCAACAACAGACTTACTTTG,,
clonotype192,2,0.0009523809523809524,TRB:CASSQDPSSAETLYF;TRA:CAMRDRTQVVGQLTF,TRB:TGTGCCAGCAGCCAAGATCCATCTAGTGCAGAAACGCTGTATTTT;TRA:TGTGCTATGAGAGATCGGACACAGGTTGTGGGGCAGCTCACTTTC,,
clonotype193,2,0.0009523809523809524,TRB:CASSIVSYEQYF;TRA:CAASEGGSALGRLHF,TRB:TGTGCCAGCAGTATAGTCAGCTATGAACAGTACTTC;TRA:TGTGCAGCAAGTGAAGGAGGTTCAGCCTTAGGGAGGCTGCATTTT,,TRB:gene
clonotype194,2,0.0009523809523809524,TRB:CASSFWGDSSYEQYF;TRA:CAVSAESNYNVLYF,TRB:TGTGCCAGCAGTTTCTGGGGGGACAGCTCCTATGAACAGTACTTC;TRA:TGCGCAGTCAGTGCGGAGTCTAATTACAACGTGCTTTACTTC,,TRB:gene
clonotype195,2,0.0009523809523809524,TRB:CASSLDDWGSYEQYF;TRA:CALGNTGNYKYVF;TRA:CAVSDTTNAYKVIF,TRB:TGTGCAAGCAGCTTAGATGATTGGGGCTCCTATGAACAGTACTTC;TRA:TGTGCTTTGGGTAATACAGGAAACTACAAATACGTCTTT;TRA:TGCGCAGTCAGTGATACCACAAATGCTTACAAAGTCATCTTT,,
clonotype196,2,0.0009523809523809524,TRB:CASTNWGGGQDTQYF;TRA:CAAQGADRLTF,TRB:TGTGCCAGCACCAACTGGGGGGGAGGCCAAGACACCCAGTACTTT;TRA:TGTGCTGCACAGGGTGCAGATAGACTCACCTTT,,
clonotype197,2,0.0009523809523809524,TRB:CASSLWGGGAETLYF;TRA:CSAIQSSGSWQLIF,TRB:TGTGCAAGCAGCTTATGGGGGGGAGGTGCAGAAACGCTGTATTTT;TRA:TGCTCAGCAATTCAATCTTCTGGCAGCTGGCAACTCATCTTT,,
clonotype198,2,0.0009523809523809524,TRB:CASSLDDWGSSYEQYF;TRA:CALSNTNKVVF,TRB:TGTGCAAGCAGCTTAGATGACTGGGGGAGCTCCTATGAACAGTACTTC;TRA:TGTGCTCTTTCCAATACCAACAAAGTCGTCTTT,,
clonotype199,2,0.0009523809523809524,TRB:CASSIWTDTGQLYF;TRA:CVIASSSFSKLVF,TRB:TGTGCCAGCAGTATTTGGACAGACACCGGGCAGCTCTACTTT;TRA:TGTGTTATAGCATCCTCCTCCTTCAGCAAGCTGGTGTTT,,TRB:gene
clonotype200,2,0.0009523809523809524,TRB:CASSIYGLGAEQFF;TRA:CAATYVGDNSKLIW,TRB:TGTGCCAGCAGTATATATGGGTTGGGGGCTGAGCAGTTCTTC;TRA:TGTGCTGCGACCTATGTTGGTGACAACAGTAAGCTGATTTGG,,TRB:gene
clonotype201,2,0.0009523809523809524,TRB:CASSIWAGAQDTQYF;TRA:CALGENYSNNRLTL,TRB:TGTGCCAGCAGTATATGGGCAGGGGCTCAAGACACCCAGTACTTT;TRA:TGTGCTCTGGGTGAAAACTACAGCAACAACAGACTTACTTTG,,TRB:gene
clonotype202,2,0.0009523809523809524,TRB:CASSLSFWGGASAETLYF;TRA:CAVKGDSGTYQRF,TRB:TGTGCTAGCAGTTTATCGTTCTGGGGGGGCGCCAGTGCAGAAACGCTGTATTTT;TRA:TGTGCAGTGAAAGGGGATTCTGGGACTTACCAGAGGTTT,TRB:gene,
clonotype203,2,0.0009523809523809524,TRB:CASSIWTTSAETLYF;TRA:CAFNVGDNSKLIW,TRB:TGTGCCAGCAGTATTTGGACAACTAGTGCAGAAACGCTGTATTTT;TRA:TGTGCTTTTAATGTTGGTGACAACAGTAAGCTGATTTGG,,TRB:gene
clonotype204,2,0.0009523809523809524,TRB:CASSSWTGSAETLYF;TRA:CAMRETGGSNAKLTF,TRB:TGTGCCAGCAGTTCATGGACAGGGAGTGCAGAAACGCTGTATTTT;TRA:TGTGCTATGAGAGAGACTGGAGGAAGCAATGCAAAGCTAACCTTC,,TRB:gene
clonotype205,2,0.0009523809523809524,TRB:CASGDHTNTEVFF;TRA:CAVSMEGYQNFYF,TRB:TGTGCCAGCGGTGATCACACAAACACAGAAGTCTTCTTT;TRA:TGTGCAGTGAGCATGGAGGGTTACCAGAACTTCTATTTT,TRB:gene,TRB:gene
clonotype206,2,0.0009523809523809524,TRB:CASSLWGGEQYF;TRA:CAASVDTNAYKVIF,TRB:TGTGCCAGCTCTCTCTGGGGAGGGGAACAGTACTTC;TRA:TGTGCAGCTAGTGTTGACACAAATGCTTACAAAGTCATCTTT,,
clonotype207,2,0.0009523809523809524,TRB:CASSHRDNYEQYF;TRA:CSARGSGGKLTL,TRB:TGTGCCAGCTCCCACCGGGACAATTATGAACAGTACTTC;TRA:TGCTCAGCACGTGGCAGTGGTGGAAAACTCACTTTG,,
clonotype208,2,0.0009523809523809524,TRB:CASGDGGNTEVFF;TRA:CAVRDEDSGTYQRF,TRB:TGTGCCAGCGGTGATGGGGGGAACACAGAAGTCTTCTTT;TRA:TGTGCTGTGAGGGATGAGGATTCTGGGACTTACCAGAGGTTT,,
clonotype209,2,0.0009523809523809524,TRB:CASSLTDSYEQYF;TRA:CAMREGPGYNKLTF,TRB:TGTGCCAGCTCTCTTACAGACTCCTATGAACAGTACTTC;TRA:TGTGCTATGAGAGAGGGCCCGGGATACAACAAACTCACTTTT,,
clonotype210,2,0.0009523809523809524,TRB:CASGDLGGAYEQYF;TRA:CAFPTNSGGSNYKLTF,TRB:TGTGCCAGCGGTGATCTGGGGGGGGCCTATGAACAGTACTTC;TRA:TGTGCTTTTCCCACTAACAGTGGAGGCAGCAATTACAAACTGACATTT,,
clonotype211,2,0.0009523809523809524,TRB:CASWTGSSAETLYF;TRA:CAVRNTGGLSGKLTF,TRB:TGTGCCAGCTGGACTGGGTCTAGTGCAGAAACGCTGTATTTT;TRA:TGTGCTGTGAGGAATACTGGAGGACTAAGTGGTAAATTAACATTC,,
clonotype212,2,0.0009523809523809524,TRB:CASSLGEGQNTLYF;TRA:CAMREGANTGYQNFYF,TRB:TGTGCCAGCTCTCTCGGGGAAGGTCAAAACACCTTGTACTTT;TRA:TGTGCTATGAGAGAGGGCGCGAACACGGGTTACCAGAACTTCTATTTT,,
clonotype213,2,0.0009523809523809524,TRB:CASSLEWTGGYEQYF;TRA:CAVNNNNAPRF,TRB:TGTGCCAGCTCTCTCGAGTGGACTGGGGGCTATGAACAGTACTTC;TRA:TGCGCAGTCAATAACAACAATGCCCCACGATTT,,
clonotype214,2,0.0009523809523809524,TRB:CASSLVGGGNAEQFF;TRA:CALSDSNYQLIW,TRB:TGTGCCAGCTCTCTCGTTGGGGGGGGGAATGCTGAGCAGTTCTTC;TRA:TGTGCTCTGAGTGATAGCAACTATCAGTTGATCTGG,,
clonotype215,1,0.0004761904761904762,TRB:CASKQGSDYTF,TRB:TGTGCCAGCAAACAGGGCTCCGACTACACCTTC,,TRB:gene
clonotype216,1,0.0004761904761904762,TRB:CASKQGSDYTF,TRB:TGTGCCAGCAAACAGGGCTCCGACTACACCTTC,,TRB:gene
clonotype217,1,0.0004761904761904762,TRB:CGAREGGREQYF,TRB:TGTGGTGCTAGGGAAGGGGGGAGGGAACAGTACTTC,,
clonotype218,1,0.0004761904761904762,TRB:CGAREGGREQYF,TRB:TGTGGTGCTAGGGAAGGGGGGAGGGAACAGTACTTC,,
clonotype219,1,0.0004761904761904762,TRB:CGAREGYSDYTF,TRB:TGTGGTGCTAGGGAGGGGTACTCCGACTACACCTTC,,
clonotype220,1,0.0004761904761904762,TRB:CGAREGYSDYTF,TRB:TGTGGTGCTAGGGAGGGGTACTCCGACTACACCTTC,,
clonotype221,1,0.0004761904761904762,TRB:CASRDREDTQYF;TRA:CALTGSSGNKLIF,TRB:TGTGCCAGCAGGGACAGGGAAGACACCCAGTACTTT;TRA:TGTGCTTTGACTGGGAGCAGTGGCAACAAGCTCATCTTT,,TRB:gene
clonotype222,1,0.0004761904761904762,TRB:CAWTNNNQAPLF;TRA:CAVRNNYAQGLTF,TRB:TGTGCCTGGACAAATAACAACCAGGCTCCGCTTTTT;TRA:TGCGCAGTCAGAAATAACTATGCCCAGGGATTAACCTTC,,
clonotype223,1,0.0004761904761904762,TRB:CASSDTNSDYTF,TRB:TGTGCCAGCAGTGACACAAACTCCGACTACACCTTC,,TRB:gene
clonotype224,1,0.0004761904761904762,TRB:CASSDTNSDYTF,TRB:TGTGCCAGCAGTGACACAAACTCCGACTACACCTTC,,TRB:gene
clonotype225,1,0.0004761904761904762,TRB:CASSDHANTEVFF,TRB:TGTGCCAGCAGTGACCATGCAAACACAGAAGTCTTCTTT,,TRB:gene
clonotype226,1,0.0004761904761904762,TRB:CASSDHTNTEVFF,TRB:TGTGCCAGCAGTGATCACACAAACACAGAAGTCTTCTTT,,TRB:gene
clonotype227,1,0.0004761904761904762,TRB:CASSDHTNTEVFF,TRB:TGTGCCAGCAGTGATCACACAAACACAGAAGTCTTCTTT,,TRB:gene
clonotype228,1,0.0004761904761904762,TRB:CASSDHSNTEVFF,TRB:TGTGCCAGCAGTGATCACAGTAACACAGAAGTCTTCTTT,,TRB:gene
clonotype229,1,0.0004761904761904762,TRB:CASSDHTNTEVFF,TRB:TGTGCCAGCAGTGATCATACAAACACAGAAGTCTTCTTT,,TRB:gene
clonotype230,1,0.0004761904761904762,TRB:CASSDHTNTEVFF,TRB:TGTGCCAGCAGTGATCATACAAACACAGAAGTCTTCTTT,,TRB:gene
clonotype231,1,0.0004761904761904762,TRB:CASSDWTDTEVFF,TRB:TGTGCCAGCAGTGATTGGACAGACACAGAAGTCTTCTTT,,TRB:gene
clonotype232,1,0.0004761904761904762,TRB:CASSDWTDTEVFF,TRB:TGTGCCAGCAGTGATTGGACAGACACAGAAGTCTTCTTT,,TRB:gene
clonotype233,1,0.0004761904761904762,TRB:CASSDWGNTEVFF,TRB:TGTGCCAGCAGTGATTGGGGAAACACAGAAGTCTTCTTT,,TRB:gene
clonotype234,1,0.0004761904761904762,TRB:CASSDWGNTEVFF,TRB:TGTGCCAGCAGTGATTGGGGAAACACAGAAGTCTTCTTT,,TRB:gene
clonotype235,1,0.0004761904761904762,TRB:CASSDWGNTEVFF,TRB:TGTGCCAGCAGTGATTGGGGGAACACAGAAGTCTTCTTT,,TRB:gene
clonotype236,1,0.0004761904761904762,TRB:CASSDWGNTEVFF,TRB:TGTGCCAGCAGTGATTGGGGGAACACAGAAGTCTTCTTT,,TRB:gene
clonotype237,1,0.0004761904761904762,TRB:CASSYSYEQYF,TRB:TGTGCCAGCAGCTACTCCTATGAACAGTACTTC,,
clonotype238,1,0.0004761904761904762,TRB:CASSYSYEQYF,TRB:TGTGCCAGCAGCTACTCCTATGAACAGTACTTC,,
clonotype239,1,0.0004761904761904762,TRB:CASSYRGEQYF;TRA:CAAYTEGADRLTF;TRA:CALSEDNNNAPRF,TRB:TGTGCTAGCAGCTACAGGGGTGAACAGTACTTC;TRA:TGTGCTGCTTATACAGAAGGTGCAGATAGACTCACCTTT;TRA:TGTGCTCTGAGTGAGGATAACAACAATGCCCCACGATTT,,
clonotype240,1,0.0004761904761904762,TRB:CASSYRGEVFF;TRA:CAGYTEGADRLTF,TRB:TGTGCTAGCAGTTACAGGGGAGAAGTCTTCTTT;TRA:TGTGCTGGATATACAGAAGGTGCAGATAGACTCACCTTT,,
clonotype241,1,0.0004761904761904762,TRB:CASSFRGEQYF;TRB:CASSLEQDNERLFF;TRA:CAAGDQGGSAKLIF;TRA:CAALTEGADRLTF,TRB:TGTGCTAGCAGTTTCAGGGGTGAACAGTACTTC;TRB:TGTGCCAGCTCTCTCGAACAGGACAACGAAAGATTATTTTTC;TRA:TGCGCAGCAGGAGATCAAGGAGGGTCTGCGAAGCTCATCTTT;TRA:TGTGCTGCTCTTACAGAAGGTGCAGATAGACTCACCTTT,,
clonotype242,1,0.0004761904761904762,TRB:CASSDWTNTEVFF;TRA:CALSDPEGNEKITF;TRA:CILRVANYGNEKITF,TRB:TGTGCCAGCAGTGATTGGACAAACACAGAAGTCTTCTTT;TRA:TGTGCTCTGAGTGATCCGGAGGGAAATGAGAAAATAACTTTT;TRA:TGTATCCTGAGAGTAGCTAACTATGGAAATGAGAAAATAACTTTT,,TRB:gene
clonotype243,1,0.0004761904761904762,TRB:CASSDFQNTEVFF;TRB:CASSLSRGPYEQYF;TRA:CAVSEDSNNRIFF,TRB:TGTGCCAGCAGTGATTTTCAAAACACAGAAGTCTTCTTT;TRB:TGTGCTAGCAGTTTAAGCAGGGGGCCCTATGAACAGTACTTC;TRA:TGTGCAGTTAGTGAAGATAGCAATAACAGAATCTTCTTT,TRB:gene,TRB:gene
clonotype244,1,0.0004761904761904762,TRB:CASSYSYEQYF;TRA:CATHDTNAYKVIF,TRB:TGTGCCAGCAGCTACTCCTATGAACAGTACTTC;TRA:TGTGCTACTCATGACACAAATGCTTACAAAGTCATCTTT,,
clonotype245,1,0.0004761904761904762,TRB:CASSDHANTEVFF;TRA:CAPGTQVVGQLTF,TRB:TGTGCCAGCAGTGACCACGCAAACACAGAAGTCTTCTTT;TRA:TGCGCTCCGGGGACACAGGTTGTGGGGCAGCTCACTTTC,,TRB:gene
clonotype246,1,0.0004761904761904762,TRB:CASSDHTNTEVFF;TRA:CAVSGASSSFSKLVF,TRB:TGTGCCAGCAGTGATCACACAAACACAGAAGTCTTCTTT;TRA:TGTGCAGTGAGCGGGGCATCCTCCTCCTTCAGCAAGCTGGTGTTT,,TRB:gene
clonotype247,1,0.0004761904761904762,TRB:CASSDWGDTEVFF;TRA:CAARNTGGLSGKLTF,TRB:TGTGCCAGCAGTGATTGGGGGGACACAGAAGTCTTCTTT;TRA:TGTGCAGCAAGAAATACTGGAGGACTAAGTGGTAAATTAACATTC,,TRB:gene
clonotype248,1,0.0004761904761904762,TRB:CASSDHTNTEVFF;TRB:CASSFRDYSYEQYF;TRA:CALGEPTNAYKVIF,TRB:TGTGCCAGCAGTGATCACACCAACACAGAAGTCTTCTTT;TRB:TGTGCCAGCAGTTTCCGGGACTACTCCTATGAACAGTACTTC;TRA:TGTGCTCTGGGTGAGCCCACAAATGCTTACAAAGTCATCTTT,,TRB:gene
clonotype249,1,0.0004761904761904762,TRB:CASSDHSNTEVFF;TRA:CALSESSGSWQLIF,TRB:TGTGCCAGCAGTGATCACAGTAACACAGAAGTCTTCTTT;TRA:TGCGCTCTGAGTGAATCTTCTGGCAGCTGGCAACTCATCTTT,,TRB:gene
clonotype250,1,0.0004761904761904762,TRB:CASSDWGDTEVFF;TRA:CAVSPNTGGLSGKLTF,TRB:TGTGCCAGCAGTGATTGGGGGGACACAGAAGTCTTCTTT;TRA:TGTGCAGTTAGTCCTAATACTGGAGGACTAAGTGGTAAATTAACATTC,,TRB:gene
clonotype251,1,0.0004761904761904762,TRB:CASSQGREQYF;TRA:CAVSIFQTGFASALTF,TRB:TGTGCCAGCAGCCAAGGACGTGAACAGTACTTC;TRA:TGTGCTGTGAGCATTTTCCAGACAGGCTTTGCAAGTGCGCTGACATTT,,
clonotype252,1,0.0004761904761904762,TRB:CASSDNSNTEVFF;TRA:CAAVASSSFSKLVF,TRB:TGTGCCAGCAGTGATAACTCTAACACAGAAGTCTTCTTT;TRA:TGCGCAGCAGTAGCATCCTCCTCCTTCAGCAAGCTGGTGTTT,,TRB:gene
clonotype253,1,0.0004761904761904762,TRB:CASSDWGNTEVFF;TRA:CAAEASSSFSKLVF,TRB:TGTGCCAGCAGTGATTGGGGAAACACAGAAGTCTTCTTT;TRA:TGCGCAGCAGAAGCATCCTCCTCCTTCAGCAAGCTGGTGTTT,,TRB:gene
clonotype254,1,0.0004761904761904762,TRB:CASSDEGGEQYF;TRA:CAAIDTNAYKVIF,TRB:TGTGCCAGCAGTGATGAGGGGGGTGAACAGTACTTC;TRA:TGTGCAGCGATTGACACAAATGCTTACAAAGTCATCTTT,,TRB:gene
clonotype255,1,0.0004761904761904762,TRB:CASSDWTNTEVFF;TRA:CALSDPEGADRLTF,TRB:TGTGCCAGCAGTGATTGGACAAACACAGAAGTCTTCTTT;TRA:TGTGCTCTGAGTGATCCAGAAGGTGCAGATAGACTCACCTTT,,TRB:gene
clonotype256,1,0.0004761904761904762,TRB:CASTRGAEQFF,TRB:TGTGCCAGCACCAGGGGTGCTGAGCAGTTCTTC,,
clonotype257,1,0.0004761904761904762,TRB:CASSDRPNTEVFF,TRB:TGTGCCAGCAGTGACAGACCAAACACAGAAGTCTTCTTT,,TRB:gene
clonotype258,1,0.0004761904761904762,TRB:CASSDHSNTEVFF,TRB:TGTGCCAGCAGTGACCATTCAAACACAGAAGTCTTCTTT,,TRB:gene
clonotype259,1,0.0004761904761904762,TRB:CASSDWGGSEQFF,TRB:TGTGCCAGCAGTGACTGGGGGGGCTCTGAGCAGTTCTTC,,TRB:gene
clonotype260,1,0.0004761904761904762,TRB:CASSDHTNTEVFF,TRB:TGTGCCAGCAGTGATCACACAAACACAGAAGTCTTCTTT,,TRB:gene
clonotype261,1,0.0004761904761904762,TRB:CASSDHTNTEVFF,TRB:TGTGCCAGCAGTGATCACACAAACACAGAAGTCTTCTTT,,TRB:gene
clonotype262,1,0.0004761904761904762,TRB:CASSDHSNTEVFF,TRB:TGTGCCAGCAGTGATCACAGTAACACAGAAGTCTTCTTT,,TRB:gene
clonotype263,1,0.0004761904761904762,TRB:CASSDWGNTEVFF,TRB:TGTGCCAGCAGTGATTGGGGAAACACAGAAGTCTTCTTT,,TRB:gene
clonotype264,1,0.0004761904761904762,TRB:CASSDWGNTEVFF,TRB:TGTGCCAGCAGTGATTGGGGAAACACAGAAGTCTTCTTT,,TRB:gene
clonotype265,1,0.0004761904761904762,TRB:CASSDAGARSDYTF;TRA:CAANYGNEKITF;TRA:CILRVARGSNAKLTF,TRB:TGTGCCAGCAGTGATGCAGGGGCGCGCTCCGACTACACCTTC;TRA:TGTGCAGCAAACTATGGAAATGAGAAAATAACTTTT;TRA:TGTATCCTGAGAGTAGCCCGAGGAAGCAATGCAAAGCTAACCTTC,,TRB:gene
clonotype266,1,0.0004761904761904762,TRB:CASSDHTNTEVFF;TRA:CAVTTGNYKYVF,TRB:TGTGCCAGCAGTGATCACACAAACACAGAAGTCTTCTTT;TRA:TGTGCAGTGACTACAGGAAACTACAAATACGTCTTT,,TRB:gene
clonotype267,1,0.0004761904761904762,TRB:CASSDHTNTEVFF;TRA:CAASESNYQLIW,TRB:TGTGCCAGCAGTGATCATACAAACACAGAAGTCTTCTTT;TRA:TGTGCAGCTAGTGAAAGCAACTATCAGTTGATCTGG,,TRB:gene
clonotype268,1,0.0004761904761904762,TRB:CASSDHTNTEVFF;TRA:CAASEDSGTYQRF,TRB:TGTGCCAGCAGTGATCACACAAACACAGAAGTCTTCTTT;TRA:TGTGCAGCTAGTGAAGATTCTGGGACTTACCAGAGGTTT,,TRB:gene
clonotype269,1,0.0004761904761904762,TRB:CASSDHTNTEVFF;TRA:CAASAAGGYKVVF,TRB:TGTGCCAGCAGTGATCATACAAACACAGAAGTCTTCTTT;TRA:TGTGCAGCTAGTGCGGCTGGAGGCTATAAAGTGGTCTTT,,TRB:gene
clonotype270,1,0.0004761904761904762,TRB:CASSDWTGTEQYF;TRA:CAASEDNNNAPRF,TRB:TGTGCCAGCAGTGATTGGACAGGGACGGAACAGTACTTC;TRA:TGTGCAGCTAGTGAGGATAACAACAATGCCCCACGATTT,,TRB:gene
clonotype271,1,0.0004761904761904762,TRB:CASSDWGNTEVFF;TRB:CASSSLGGQDTQYF;TRA:CAASEHSNNRIFF,TRB:TGTGCCAGCAGTGATTGGGGAAACACAGAAGTCTTCTTT;TRB:TGTGCAAGCAGCTCACTGGGGGGGCAAGACACCCAGTACTTT;TRA:TGTGCAGCTAGTGAGCATAGCAATAACAGAATCTTCTTT,,TRB:gene
clonotype272,1,0.0004761904761904762,TRB:CASSDQGVYAEQFF;TRA:CALSEGTGGYKVVF;TRA:CAVSMSNYNVLYF,TRB:TGTGCCAGCAGTGATCAGGGGGTCTATGCTGAGCAGTTCTTC;TRA:TGTGCTTTGAGTGAAGGGACTGGAGGCTATAAAGTGGTCTTT;TRA:TGTGCAGTGAGTATGTCTAATTACAACGTGCTTTACTTC,,TRB:gene
clonotype273,1,0.0004761904761904762,TRB:CASSPGLNSDYTF;TRA:CAGNQGGRALIF;TRA:CAMSDNYNQGKLIF,TRB:TGTGCCAGCAGTCCGGGTCTAAACTCCGACTACACCTTC;TRA:TGTGCAGGTAACCAGGGAGGCAGAGCTCTGATATTT;TRA:TGTGCTATGAGTGATAATTATAACCAGGGGAAGCTTATCTTT,,TRB:gene
clonotype274,1,0.0004761904761904762,TRB:CASSDHSNTEVFF;TRA:CAASDSSSFSKLVF,TRB:TGTGCCAGCAGTGATCACAGTAACACAGAAGTCTTCTTT;TRA:TGTGCAGCTAGTGACTCCTCCTCCTTCAGCAAGCTGGTGTTT,,TRB:gene
clonotype275,1,0.0004761904761904762,TRB:CASSDAGAGAEQFF;TRA:CAASYGNEKITF,TRB:TGTGCCAGCAGTGATGCGGGGGCAGGAGCTGAGCAGTTCTTC;TRA:TGTGCTGCAAGTTATGGAAATGAGAAAATAACTTTT,,TRB:gene
clonotype276,1,0.0004761904761904762,TRB:CASSDVGAGAEQFF;TRA:CAASYGNEKITF,TRB:TGTGCCAGCAGTGATGTGGGGGCGGGGGCTGAGCAGTTCTTC;TRA:TGTGCTGCATCCTATGGAAATGAGAAAATAACTTTT,,TRB:gene
clonotype277,1,0.0004761904761904762,TRB:CSSREGGAGSDYTF;TRA:CAALYGNEKITF,TRB:TGTAGTTCTAGAGAGGGGGGCGCAGGCTCCGACTACACCTTC;TRA:TGTGCTGCTCTCTATGGAAATGAGAAAATAACTTTT,,
clonotype278,1,0.0004761904761904762,TRB:CGARDWESSYEQYF;TRA:CAASRGNYQLIW,TRB:TGTGGTGCTAGGGACTGGGAGAGCTCCTATGAACAGTACTTC;TRA:TGTGCAGCAAGCAGGGGCAACTATCAGTTGATCTGG,,
clonotype279,1,0.0004761904761904762,TRB:CGAREGANYAEQFF;TRA:CAAYNNAGAKLTF,TRB:TGTGGTGCTAGGGAGGGGGCTAACTATGCTGAGCAGTTCTTC;TRA:TGTGCTGCATATAATAATGCAGGTGCCAAGCTCACATTC,,
clonotype280,1,0.0004761904761904762,TRB:CAWSRQRNNSPLYF;TRA:CAASDTEGADRLTF,TRB:TGTGCCTGGAGTCGACAGAGGAATAATTCGCCCCTCTACTTT;TRA:TGTGCAGCAAGCGATACAGAAGGTGCAGATAGACTCACCTTT,,
clonotype281,1,0.0004761904761904762,TRB:CASSDNSNTEVFF;TRA:CALGEGYNQGKLIF,TRB:TGTGCCAGCAGTGACAACTCAAACACAGAAGTCTTCTTT;TRA:TGTGCTCTGGGTGAGGGTTATAACCAGGGGAAGCTTATCTTT,,TRB:gene
clonotype282,1,0.0004761904761904762,TRB:CASSDHSNTEVFF;TRA:CALGEGTNAYKVIF,TRB:TGTGCCAGCAGTGACCATTCAAACACAGAAGTCTTCTTT;TRA:TGTGCTCTGGGTGAAGGCACAAATGCTTACAAAGTCATCTTT,,TRB:gene
clonotype283,1,0.0004761904761904762,TRB:CASSDHTNTEVFF;TRA:CALGEPSGSWQLIF,TRB:TGTGCCAGCAGTGATCATACAAACACAGAAGTCTTCTTT;TRA:TGTGCTCTGGGTGAACCTTCTGGCAGCTGGCAACTCATCTTT,,TRB:gene
clonotype284,1,0.0004761904761904762,TRB:CSSRDGTGGHEQYF;TRA:CALGDNYGNEKITF,TRB:TGTAGTTCTAGAGATGGGACAGGGGGCCATGAACAGTACTTC;TRA:TGTGCTCTGGGTGATAACTATGGAAATGAGAAAATAACTTTT,,
clonotype285,1,0.0004761904761904762,TRB:CASSLEQYEQYF;TRB:CASSPGYEQYF;TRA:CAASVRHTGNYKYVF,TRB:TGTGCCAGCAGCTTAGAACAGTATGAACAGTACTTC;TRB:TGTGCAAGCAGCCCCGGCTATGAACAGTACTTC;TRA:TGTGCTGCAAGTGTCAGGCATACAGGAAACTACAAATACGTCTTT,,
clonotype286,1,0.0004761904761904762,TRB:CASSALGVSYEQYF;TRA:CAVSAAGGSNAKLTF,TRB:TGTGCCAGCAGTGCCCTGGGGGTCTCCTATGAACAGTACTTC;TRA:TGCGCAGTCAGTGCGGCTGGAGGAAGCAATGCAAAGCTAACCTTC,,TRB:gene
clonotype287,1,0.0004761904761904762,TRB:CASSDHTNTEVFF;TRA:CALSESGGSNAKLTF,TRB:TGTGCCAGCAGTGATCACACAAACACAGAAGTCTTCTTT;TRA:TGTGCTCTGAGTGAATCTGGAGGAAGCAATGCAAAGCTAACCTTC,,TRB:gene
clonotype288,1,0.0004761904761904762,TRB:CASSDRGIYEQYF;TRA:CALSDRGNAGAKLTF,TRB:TGTGCCAGCAGTGATCGGGGAATCTATGAACAGTACTTC;TRA:TGTGCTCTGAGTGATCGGGGGAATGCAGGTGCCAAGCTCACATTC,,TRB:gene
clonotype289,1,0.0004761904761904762,TRB:CASSDHRNERLFF;TRA:CAALYGNEKITF;TRA:CALSVQTGFASALTF,TRB:TGTGCCAGCAGTGACCACAGGAACGAAAGATTATTTTTC;TRA:TGTGCAGCCCTCTATGGAAATGAGAAAATAACTTTT;TRA:TGTGCTCTGAGTGTACAGACAGGCTTTGCAAGTGCGCTGACATTT,,TRB:gene
clonotype290,1,0.0004761904761904762,TRB:CASSDNANTEVFF;TRA:CAAGYGNEKITF,TRB:TGTGCCAGCAGTGATAATGCAAACACAGAAGTCTTCTTT;TRA:TGTGCAGCTGGCTATGGAAATGAGAAAATAACTTTT,,TRB:gene
clonotype291,1,0.0004761904761904762,TRB:CASSDAGANTEVFF;TRA:CAATYGNEKITF,TRB:TGTGCCAGCAGTGATGCGGGGGCAAACACAGAAGTCTTCTTT;TRA:TGTGCAGCAACTTATGGAAATGAGAAAATAACTTTT,,TRB:gene
clonotype292,1,0.0004761904761904762,TRB:CASSLWGPYEQYF;TRA:CAASASGSWQLIF,TRB:TGTGCCAGCAGCCTCTGGGGGCCCTATGAACAGTACTTC;TRA:TGTGCAGCAAGTGCTTCTGGCAGCTGGCAACTCATCTTT,,TRB:gene
clonotype293,1,0.0004761904761904762,TRB:CASSDHTNTEVFF;TRA:CAAIGSSSFSKLVF,TRB:TGTGCCAGCAGTGATCACACAAACACAGAAGTCTTCTTT;TRA:TGTGCAGCAATCGGGTCCTCCTCCTTCAGCAAGCTGGTGTTT,,TRB:gene
clonotype294,1,0.0004761904761904762,TRB:CASSDWGGNTEVFF;TRA:CAASAPGYQNFYF,TRB:TGTGCCAGCAGTGACTGGGGGGGAAACACAGAAGTCTTCTTT;TRA:TGTGCAGCAAGTGCTCCGGGTTACCAGAACTTCTATTTT,,TRB:gene
clonotype295,1,0.0004761904761904762,TRB:CASSDNSNTEVFF;TRA:CAFTEGADRLTF,TRB:TGTGCCAGCAGTGACAATTCAAACACAGAAGTCTTCTTT;TRA:TGTGCTTTCACAGAAGGTGCAGATAGACTCACCTTT,,TRB:gene
clonotype296,1,0.0004761904761904762,TRA:CAVRLDSNYQLIW,TRA:TGTGCAGTGAGGCTGGATAGCAACTATCAGTTGATCTGG,,
clonotype297,1,0.0004761904761904762,TRB:CASSLWTNSPLYF,TRB:TGTGCTAGCAGTTTATGGACAAATTCGCCCCTCTACTTT,TRB:gene,
clonotype298,1,0.0004761904761904762,TRB:CASSLWTNSPLYF,TRB:TGTGCTAGCAGTTTATGGACAAATTCGCCCCTCTACTTT,TRB:gene,
clonotype299,1,0.0004761904761904762,TRB:CASSLFHQDTQYF,TRB:TGTGCTAGCAGTTTATTTCATCAAGACACCCAGTACTTT,TRB:gene,
clonotype300,1,0.0004761904761904762,TRB:CASSLFHQDTQYF,TRB:TGTGCTAGCAGTTTATTTCATCAAGACACCCAGTACTTT,TRB:gene,
clonotype301,1,0.0004761904761904762,TRB:CASSQDLRAYEQYF,TRB:TGTGCCAGCAGCCAAGATTTGAGGGCCTATGAACAGTACTTC,,
clonotype302,1,0.0004761904761904762,TRB:CASSLRDTEVFF,TRB:TGTGCCAGCAGCCTCAGGGACACAGAAGTCTTCTTT,,
clonotype303,1,0.0004761904761904762,TRB:CASKGYYAEQFF,TRB:TGTGCCAGCAAGGGGTATTATGCTGAGCAGTTCTTC,,
clonotype304,1,0.0004761904761904762,TRB:CASSPWGAVYEQYF,TRB:TGTGCCAGCAGTCCCTGGGGGGCGGTCTATGAACAGTACTTC,,TRB:gene
clonotype305,1,0.0004761904761904762,TRB:CASSETGGDSDYTF,TRB:TGTGCCAGCAGTGAGACAGGGGGAGACTCCGACTACACCTTC,,TRB:gene
clonotype306,1,0.0004761904761904762,TRB:CASSDAGAGAEQFF,TRB:TGTGCCAGCAGTGATGCAGGGGCAGGAGCTGAGCAGTTCTTC,,TRB:gene
clonotype307,1,0.0004761904761904762,TRB:CASSGTGGSSDYTF,TRB:TGTGCCAGCAGTGGGACAGGGGGCAGCTCCGACTACACCTTC,,TRB:gene
clonotype308,1,0.0004761904761904762,TRB:CASSGTGGSSDYTF,TRB:TGTGCCAGCAGTGGGACAGGGGGCAGCTCCGACTACACCTTC,,TRB:gene
clonotype309,1,0.0004761904761904762,TRB:CASGDTLGGPEQYF,TRB:TGTGCCAGCGGTGATACACTGGGGGGGCCCGAACAGTACTTC,TRB:gene,TRB:gene
clonotype310,1,0.0004761904761904762,TRB:CASSSTGSYEQYF,TRB:TGTGCCAGCAGCTCGACTGGGAGCTATGAACAGTACTTC,,
clonotype311,1,0.0004761904761904762,TRB:CASSLDRGLEQYF,TRB:TGTGCCAGCAGCTTGGACAGGGGGCTTGAACAGTACTTC,,
clonotype312,1,0.0004761904761904762,TRB:CASTSRDMYEQYF;TRA:CAADNAGAKLTF,TRB:TGTGCTAGCACCTCCCGGGACATGTATGAACAGTACTTC;TRA:TGTGCTGCTGATAATGCAGGTGCCAAGCTCACATTC,TRB:gene,
clonotype313,1,0.0004761904761904762,TRB:CASSLWSSYEQYF;TRA:CALGEGTEGADRLTF;TRA:CAMGYGNEKITF,TRB:TGTGCTAGCAGTTTATGGAGCTCCTATGAACAGTACTTC;TRA:TGTGCTCTGGGTGAAGGCACAGAAGGTGCAGATAGACTCACCTTT;TRA:TGTGCTATGGGCTATGGAAATGAGAAAATAACTTTT,TRB:gene,
clonotype314,1,0.0004761904761904762,TRB:CASSDKTGGSETLYF;TRA:CILRVATEGADRLTF,TRB:TGTGCCAGCAGTGACAAGACTGGGGGGTCAGAAACGCTGTATTTT;TRA:TGTATCCTGAGAGTAGCGACAGAAGGTGCAGATAGACTCACCTTT,,TRB:gene
clonotype315,1,0.0004761904761904762,TRB:CASSLPGSEQYF;TRA:CAPNNNNAPRF;TRA:CGGYGNEKITF,TRB:TGTGCCAGCAGCTTACCAGGCTCTGAACAGTACTTC;TRA:TGTGCTCCCAATAACAACAATGCCCCACGATTT;TRA:TGTGGGGGCTATGGAAATGAGAAAATAACTTTT,,
clonotype316,1,0.0004761904761904762,TRB:CASNNRAPNERLFF;TRB:CASSLDRTGAYNSPLYF;TRA:CALEQGTGNYKYVF,TRB:TGTGCCAGCAATAACAGGGCGCCCAACGAAAGATTATTTTTC;TRB:TGTGCCAGCAGCTTAGATCGGACAGGGGCCTATAATTCGCCCCTCTACTTT;TRA:TGTGCTTTGGAACAAGGTACAGGAAACTACAAATACGTCTTT,,TRB:gene
clonotype317,1,0.0004761904761904762,TRB:CASSLLGGYEQYF;TRA:CAIEGNNYAQGLTF,TRB:TGTGCCAGCAGCCTCCTGGGGGGTTATGAACAGTACTTC;TRA:TGTGCTATAGAGGGAAATAACTATGCCCAGGGATTAACCTTC,,
clonotype318,1,0.0004761904761904762,TRB:CASRGFANTEVFF;TRA:CATDEGSFNKLTF,TRB:TGTGCTAGCAGGGGGTTTGCAAACACAGAAGTCTTCTTT;TRA:TGTGCTACTGATGAGGGTAGCTTCAATAAGTTGACCTTT,TRB:gene,
clonotype319,1,0.0004761904761904762,TRB:CASSLKGVQDTQYF;TRB:CASSQGLGQNTLYF;TRA:CAVNQGGRALIF,TRB:TGTGCCAGCAGTTTAAAGGGGGTCCAAGACACCCAGTACTTT;TRB:TGTGCCAGCAGCCAGGGACTGGGACAAAACACCTTGTACTTT;TRA:TGTGCTGTGAACCAGGGAGGCAGAGCTCTGATATTT,,
clonotype320,1,0.0004761904761904762,TRB:CASSDRGRGSDYTF;TRA:CVLGYNYAQGLTF,TRB:TGTGCCAGCAGTGACAGGGGGCGCGGCTCCGACTACACCTTC;TRA:TGTGTTCTGGGATATAACTATGCCCAGGGATTAACCTTC,,TRB:gene
clonotype321,1,0.0004761904761904762,TRB:CASSLTGDYEQYF;TRA:CAASIGSNYNVLYF;TRA:CALSETGGYKVVF,TRB:TGTGCCAGCAGCTTGACTGGGGACTATGAACAGTACTTC;TRA:TGTGCAGCAAGCATTGGGTCTAATTACAACGTGCTTTACTTC;TRA:TGTGCTTTGAGTGAGACTGGAGGCTATAAAGTGGTCTTT,,
clonotype322,1,0.0004761904761904762,TRB:CASSLSRNTEVFF;TRA:CATDAGYSNNRLTL,TRB:TGTGCTAGCAGTTTATCTCGGAACACAGAAGTCTTCTTT;TRA:TGTGCTACTGATGCAGGCTACAGCAACAACAGACTTACTTTG,TRB:gene,
clonotype323,1,0.0004761904761904762,TRB:CASSPDSYEQYF;TRA:CALSPNTGKLTF,TRB:TGTGCCAGCAGCCCCGACAGTTATGAACAGTACTTC;TRA:TGTGCTTTGAGCCCCAATACAGGCAAATTAACCTTT,,
clonotype324,1,0.0004761904761904762,TRB:CASSEGLGIYEQYF;TRA:CAASGITGNTGKLIF,TRB:TGTGCCAGCAGTGAGGGCCTCGGCATCTATGAACAGTACTTC;TRA:TGTGCAGCTAGTGGTATAACAGGCAATACCGGAAAACTCATCTTT,,TRB:gene
clonotype325,1,0.0004761904761904762,TRB:CASSDAGAYAEQFF;TRB:CASSLNQGANTEVFF;TRA:CALGVYGNEKITF;TRA:CALSVMNNNAGAKLTF,TRB:TGTGCCAGCAGTGATGCAGGGGCCTATGCTGAGCAGTTCTTC;TRB:TGTGCCAGCAGCCTCAATCAGGGGGCAAACACAGAAGTCTTCTTT;TRA:TGTGCTCTGGGTGTCTATGGAAATGAGAAAATAACTTTT;TRA:TGTGCTCTGAGTGTGATGAATAATAATGCAGGTGCCAAGCTCACATTC,,TRB:gene
clonotype326,1,0.0004761904761904762,TRB:CASRDRSSYEQYF;TRA:CAVSMDSAGNKLTF,TRB:TGTGCCAGCAGAGACAGGAGCTCCTATGAACAGTACTTC;TRA:TGTGCTGTGAGCATGGACAGTGCAGGGAACAAGCTAACTTTT,,
clonotype327,1,0.0004761904761904762,TRB:CASSPDRNSDYTF;TRA:CVATSSGQKLVF,TRB:TGTGCCAGCAGCCCTGACAGAAACTCCGACTACACCTTC;TRA:TGTGTTGCAACTTCAAGTGGCCAGAAGCTGGTTTTT,,
clonotype328,1,0.0004761904761904762,TRB:CASSLDSGAEQFF;TRA:CAVRTSGGNYKPTF,TRB:TGTGCCAGCAGCTTGGACAGTGGGGCTGAGCAGTTCTTC;TRA:TGTGCTGTGAGGACCTCAGGAGGAAACTACAAACCTACGTTT,,
clonotype329,1,0.0004761904761904762,TRB:CASSSTGGYEQYF;TRA:CSASKESNYNVLYF,TRB:TGTGCTAGCAGTAGTACTGGGGGGTATGAACAGTACTTC;TRA:TGCTCAGCAAGTAAGGAGTCTAATTACAACGTGCTTTACTTC,,
clonotype330,1,0.0004761904761904762,TRB:CASSPGLGDTLYF;TRA:CALGVLSNYNVLYF,TRB:TGTGCCAGCAGCCCGGGACTGGGGGACACCTTGTACTTT;TRA:TGTGCTCTGGGTGTTCTGTCTAATTACAACGTGCTTTACTTC,,
clonotype331,1,0.0004761904761904762,TRB:CASFKALSGNTLYF;TRB:CASSRTGVYEQYF;TRA:CAASIGSNYNVLYF;TRA:CALGEAQVVGQLTF,TRB:TGTGCTAGCTTCAAGGCCCTTTCTGGAAATACGCTCTATTTT;TRB:TGTGCCAGCTCGAGGACAGGGGTCTATGAACAGTACTTC;TRA:TGTGCAGCAAGCATAGGGTCTAATTACAACGTGCTTTACTTC;TRA:TGTGCTCTGGGTGAGGCACAGGTTGTGGGGCAGCTCACTTTC,TRB:gene,
clonotype332,1,0.0004761904761904762,TRB:CASSNWGGADTQYF;TRA:CALSDRTEGADRLTF,TRB:TGTGCCAGCAGCAACTGGGGGGGCGCGGACACCCAGTACTTT;TRA:TGTGCTTTGAGTGATCGGACAGAAGGTGCAGATAGACTCACCTTT,,
clonotype333,1,0.0004761904761904762,TRB:CASSLFGADTQYF;TRA:CAMREGEGGRALIF,TRB:TGTGCTAGCAGTTTATTCGGGGCAGACACCCAGTACTTT;TRA:TGTGCTATGAGAGAGGGCGAGGGAGGCAGAGCTCTGATATTT,TRB:gene,
clonotype334,1,0.0004761904761904762,TRB:CASSTWGPYAEQFF;TRA:CALGEGDSGTYQRF,TRB:TGTGCCAGCAGTACCTGGGGCCCCTATGCTGAGCAGTTCTTC;TRA:TGTGCTCTGGGTGAGGGGGATTCTGGGACTTACCAGAGGTTT,,TRB:gene
clonotype335,1,0.0004761904761904762,TRB:CASSLVRAETLYF;TRA:CALVPYGSSGNKLIF,TRB:TGTGCTAGCAGTTTAGTCCGTGCAGAAACGCTGTATTTT;TRA:TGTGCTCTGGTCCCTTATGGGAGCAGTGGCAACAAGCTCATCTTT,TRB:gene,
clonotype336,1,0.0004761904761904762,TRB:CASSQVQPNSPLYF;TRA:CAMRGIASSSFSKLVF,TRB:TGTGCCAGCAGCCAAGTACAGCCTAATTCGCCCCTCTACTTT;TRA:TGTGCTATGAGAGGTATAGCATCCTCCTCCTTCAGCAAGCTGGTGTTT,,
clonotype337,1,0.0004761904761904762,TRB:CASSQTGNSDYTF;TRA:CALSDRPGGSNAKLTF,TRB:TGTGCCAGCAGCCAGACAGGAAACTCCGACTACACCTTC;TRA:TGTGCTCTGAGTGATCGACCTGGAGGAAGCAATGCAAAGCTAACCTTC,,
clonotype338,1,0.0004761904761904762,TRB:CASSATGAYEQYF;TRA:CAVSEEGTGGLSGKLTF,TRB:TGTGCCAGCAGCGCGACTGGTGCCTATGAACAGTACTTC;TRA:TGCGCAGTCAGTGAAGAGGGGACTGGAGGACTAAGTGGTAAATTAACATTC,,
clonotype339,1,0.0004761904761904762,TRB:CASSWGDTGQLYF;TRA:CAAGGGTGSKLSF,TRB:TGTGCTAGCAGTTGGGGGGACACCGGGCAGCTCTACTTT;TRA:TGCGCAGCAGGTGGAGGCACTGGGTCTAAGCTGTCATTT,TRB:gene,
clonotype340,1,0.0004761904761904762,TRB:CASSFTRNSPLYF;TRA:CALWEPPNTGYQNFYF,TRB:TGTGCTAGCAGTTTCACTAGAAATTCGCCCCTCTACTTT;TRA:TGTGCTCTCTGGGAGCCTCCGAACACGGGTTACCAGAACTTCTATTTT,TRB:gene,
clonotype341,1,0.0004761904761904762,TRB:CASSRGDERLFF;TRA:CAAGLQGTGSKLSF,TRB:TGTGCCAGCAGCAGGGGGGACGAAAGATTATTTTTC;TRA:TGCGCAGCAGGGCTTCAAGGCACTGGGTCTAAGCTGTCATTT,,
clonotype342,1,0.0004761904761904762,TRB:CASSDAGSYAEQFF;TRA:CAAVYGNEKITF,TRB:TGTGCCAGCAGTGATGCAGGCAGCTATGCTGAGCAGTTCTTC;TRA:TGTGCAGCAGTGTATGGAAATGAGAAAATAACTTTT,,TRB:gene
clonotype343,1,0.0004761904761904762,TRB:CASSDAGANSDYTF;TRB:CASSILGTFNERLFF;TRA:CAASYGNEKITF,TRB:TGTGCCAGCAGTGATGCAGGGGCAAACTCCGACTACACCTTC;TRB:TGTGCCAGCAGTATACTCGGGACATTCAACGAAAGATTATTTTTC;TRA:TGTGCAGCAAGCTATGGAAATGAGAAAATAACTTTT,,TRB:gene
clonotype344,1,0.0004761904761904762,TRB:CASSDAGAYAEQFF;TRA:CAAGYGNEKITF;TRA:CALSVMNNNAGAKLTF,TRB:TGTGCCAGCAGTGATGCAGGGGCCTATGCTGAGCAGTTCTTC;TRA:TGTGCAGCAGGGTATGGAAATGAGAAAATAACTTTT;TRA:TGTGCTCTGAGTGTGATGAATAATAATGCAGGTGCCAAGCTCACATTC,,TRB:gene
clonotype345,1,0.0004761904761904762,TRB:CASSDAGGHAEQFF;TRA:CAAHYGNEKITF,TRB:TGTGCCAGCAGTGATGCAGGGGGCCATGCTGAGCAGTTCTTC;TRA:TGTGCAGCACACTATGGAAATGAGAAAATAACTTTT,,TRB:gene
clonotype346,1,0.0004761904761904762,TRB:CASSDGGGGTEVFF;TRA:CAARYGNEKITF,TRB:TGTGCCAGCAGTGATGGAGGGGGCGGCACAGAAGTCTTCTTT;TRA:TGTGCAGCAAGATATGGAAATGAGAAAATAACTTTT,,TRB:gene
clonotype347,1,0.0004761904761904762,TRB:CASGDAGGAAEQFF;TRA:CAANYGNEKITF,TRB:TGTGCCAGCGGTGATGCTGGGGGGGCGGCTGAGCAGTTCTTC;TRA:TGTGCAGCCAACTATGGAAATGAGAAAATAACTTTT,TRB:gene,TRB:gene
clonotype348,1,0.0004761904761904762,TRB:CTCSAGDEQYF;TRA:CAASNSNNRIFF,TRB:TGCACCTGCAGTGCAGGGGATGAACAGTACTTC;TRA:TGTGCAGCTTCGAATAGCAATAACAGAATCTTCTTT,TRB:gene,
clonotype349,1,0.0004761904761904762,TRB:CASGEDWGTETLYF;TRB:CASSPTPGGAEQFF;TRA:CAAKSASGSWQLIF,TRB:TGTGCCAGCGGTGAAGACTGGGGGACAGAAACGCTGTATTTT;TRB:TGTGCCAGCAGTCCGACACCGGGCGGTGCTGAGCAGTTCTTC;TRA:TGTGCAGCAAAGAGTGCTTCTGGCAGCTGGCAACTCATCTTT,TRB:gene,TRB:gene
clonotype350,1,0.0004761904761904762,TRB:CASSDAGTGGTEVFF;TRB:CASSPRLGREGQNTLYF;TRA:CAASSGGNTGKLIF,TRB:TGTGCCAGCAGTGATGCAGGGACAGGGGGCACAGAAGTCTTCTTT;TRB:TGTGCCAGCTCTCCCCGACTGGGGAGGGAGGGTCAAAACACCTTGTACTTT;TRA:TGTGCAGCAAGTTCGGGAGGCAATACCGGAAAACTCATCTTT,,TRB:gene
clonotype351,1,0.0004761904761904762,TRB:CASSLRTPNQAPLF,TRB:TGTGCTAGCAGTTTAAGGACACCTAACCAGGCTCCGCTTTTT,TRB:gene,
clonotype352,1,0.0004761904761904762,TRB:CASSLRTPNQAPLF,TRB:TGTGCTAGCAGTTTAAGGACACCTAACCAGGCTCCGCTTTTT,TRB:gene,
clonotype353,1,0.0004761904761904762,TRB:CASSLSLGVYEQYF,TRB:TGTGCTAGCAGTTTATCACTGGGGGTGTATGAACAGTACTTC,TRB:gene,
clonotype354,1,0.0004761904761904762,TRB:CASSLSSNTGQLYF,TRB:TGTGCTAGCAGTTTATCGTCGAACACCGGGCAGCTCTACTTT,TRB:gene,
clonotype355,1,0.0004761904761904762,TRB:CASSLWGNTGQLYF,TRB:TGTGCTAGCAGTTTATGGGGGAACACCGGGCAGCTCTACTTT,TRB:gene,
clonotype356,1,0.0004761904761904762,TRB:CASSFTANQDTQYF,TRB:TGTGCTAGCAGTTTCACAGCTAACCAAGACACCCAGTACTTT,TRB:gene,
clonotype357,1,0.0004761904761904762,TRB:CASSFTANQDTQYF,TRB:TGTGCTAGCAGTTTCACAGCTAACCAAGACACCCAGTACTTT,TRB:gene,
clonotype358,1,0.0004761904761904762,TRB:CASSFTISGNTLYF,TRB:TGTGCTAGCAGTTTTACAATCTCTGGAAATACGCTCTATTTT,TRB:gene,
clonotype359,1,0.0004761904761904762,TRB:CASSFTISGNTLYF,TRB:TGTGCTAGCAGTTTTACAATCTCTGGAAATACGCTCTATTTT,TRB:gene,
clonotype360,1,0.0004761904761904762,TRB:CASRWGGGAETLYF,TRB:TGTGCTAGCCGCTGGGGGGGTGGTGCAGAAACGCTGTATTTT,TRB:gene,
clonotype361,1,0.0004761904761904762,TRB:CASRDRGSNERLFF,TRB:TGTGCTAGCAGAGACAGAGGCTCCAACGAAAGATTATTTTTC,,
clonotype362,1,0.0004761904761904762,TRB:CASSPRQGYAEQFF,TRB:TGTGCTAGCAGCCCCCGCCAGGGGTATGCTGAGCAGTTCTTC,,
clonotype363,1,0.0004761904761904762,TRB:CASSPRQGYAEQFF,TRB:TGTGCTAGCAGCCCCCGCCAGGGGTATGCTGAGCAGTTCTTC,,
clonotype364,1,0.0004761904761904762,TRB:CASSKDRGYAEQFF,TRB:TGTGCTAGCAGTAAGGACAGGGGTTATGCTGAGCAGTTCTTC,,
clonotype365,1,0.0004761904761904762,TRB:CASSDRETNERLFF,TRB:TGTGCTAGCAGTGACCGGGAAACCAACGAAAGATTATTTTTC,,
clonotype366,1,0.0004761904761904762,TRB:CASSDRETNERLFF,TRB:TGTGCTAGCAGTGACCGGGAAACCAACGAAAGATTATTTTTC,,
clonotype367,1,0.0004761904761904762,TRA:CILRVAEGATGGNNKLTF,TRA:TGTATCCTGAGAGTAGCTGAAGGGGCTACTGGAGGCAATAATAAGCTGACTTTT,,
clonotype368,1,0.0004761904761904762,TRB:CASSPDLGDTQYF,TRB:TGTGCCAGCAGTCCCGACTTGGGGGACACCCAGTACTTT,,
clonotype369,1,0.0004761904761904762,TRB:CASSPDLGDTQYF,TRB:TGTGCCAGCAGTCCCGACTTGGGGGACACCCAGTACTTT,,
clonotype370,1,0.0004761904761904762,TRB:CASRPRLGVQNTLYF,TRB:TGTGCCAGCAGACCCCGACTGGGGGTACAAAACACCTTGTACTTT,,TRB:gene
clonotype371,1,0.0004761904761904762,TRB:CASSWWTASAETLYF,TRB:TGTGCCAGCAGCTGGTGGACAGCTAGTGCAGAAACGCTGTATTTT,,TRB:gene
clonotype372,1,0.0004761904761904762,TRB:CASSETGGAGTEVFF,TRB:TGTGCCAGCAGTGAAACAGGGGGCGCCGGCACAGAAGTCTTCTTT,,TRB:gene
clonotype373,1,0.0004761904761904762,TRB:CASSDVWGESAETLYF,TRB:TGTGCCAGCAGTGATGTCTGGGGGGAAAGTGCAGAAACGCTGTATTTT,,TRB:gene
clonotype374,1,0.0004761904761904762,TRB:CASSWDWGEPLYF;TRA:CILRVSSGGKLTL,TRB:TGTGCCAGCAGTTGGGACTGGGGGGAGCCGCTGTATTTT;TRA:TGTATCCTGAGAGTTTCTAGTGGTGGAAAACTCACTTTG,,
clonotype375,1,0.0004761904761904762,TRB:CASSSGNANTEVFF;TRB:CASTNWGGGQDTQYF;TRA:CAAQGADRLTF;TRA:CAIDPNYNVLYF,TRB:TGTGCTAGCAGCTCCGGGAATGCAAACACAGAAGTCTTCTTT;TRB:TGTGCCAGCACCAACTGGGGGGGAGGCCAAGACACCCAGTACTTT;TRA:TGTGCTGCACAGGGTGCAGATAGACTCACCTTT;TRA:TGTGCTATAGATCCTAATTACAACGTGCTTTACTTC,TRB:gene,
clonotype376,1,0.0004761904761904762,TRB:CASSQEGAGTERLFF;TRA:CALDPNTGKLTF,TRB:TGTGCCAGCAGCCAAGAAGGCGCAGGGACCGAAAGATTATTTTTC;TRA:TGTGCTTTGGACCCCAATACAGGCAAATTAACCTTT,,
clonotype377,1,0.0004761904761904762,TRB:CASSPRQGYAEQFF;TRA:CALDNAGAKLTF,TRB:TGTGCTAGCAGCCCCCGCCAGGGGTATGCTGAGCAGTTCTTC;TRA:TGTGCTTTGGATAATGCAGGTGCCAAGCTCACATTC,,
clonotype378,1,0.0004761904761904762,TRB:CASGVPGQNNQAPLF;TRA:CALITGNTGKLIF,TRB:TGTGCCAGCGGTGTCCCGGGACAAAACAACCAGGCTCCGCTTTTT;TRA:TGTGCTTTGATAACAGGCAATACCGGAAAACTCATCTTT,TRB:gene,TRB:gene
clonotype379,1,0.0004761904761904762,TRB:CASSTTTSAETLYF;TRA:CAALFGSNNRIFF;TRA:CALSDRDYNQGKLIF,TRB:TGTGCCAGCAGCACGACAACTAGTGCAGAAACGCTGTATTTT;TRA:TGTGCTGCCCTATTCGGTAGCAATAACAGAATCTTCTTT;TRA:TGTGCTCTGAGTGATCGGGATTATAACCAGGGGAAGCTTATCTTT,,
clonotype380,1,0.0004761904761904762,TRB:CASSFGGNTEVFF;TRA:CAARTGGYKVVF,TRB:TGTGCCAGCAGTTTTGGGGGGAACACAGAAGTCTTCTTT;TRA:TGTGCAGCCCGGACTGGAGGCTATAAAGTGGTCTTT,,
clonotype381,1,0.0004761904761904762,TRB:CASSFTASAETLYF;TRA:CAVSADNTGKLTF,TRB:TGTGCTAGCAGTTTCACAGCTAGTGCAGAAACGCTGTATTTT;TRA:TGTGCTGTGAGCGCGGACAATACAGGCAAATTAACCTTT,TRB:gene,
clonotype382,1,0.0004761904761904762,TRB:CASSFTSSAETLYF;TRA:CAVTGNYKYVF,TRB:TGTGCTAGCAGTTTCACATCTAGTGCAGAAACGCTGTATTTT;TRA:TGCGCAGTTACAGGAAACTACAAATACGTCTTT,TRB:gene,
clonotype383,1,0.0004761904761904762,TRB:CASSLPGKNTLYF;TRA:CAVNDSGYNKLTF,TRB:TGTGCAAGCAGCTTACCAGGGAAAAACACCTTGTACTTT;TRA:TGTGCAGTGAACGACTCGGGATACAACAAACTCACTTTT,,
clonotype384,1,0.0004761904761904762,TRB:CASSSTGGTTYEQYF;TRA:CAVSDTNAYKVIF,TRB:TGTGCCAGCAGTTCGACTGGGGGGACTACCTATGAACAGTACTTC;TRA:TGTGCTGTGAGCGACACAAATGCTTACAAAGTCATCTTT,,TRB:gene
clonotype385,1,0.0004761904761904762,TRB:CASGGNTEVFF;TRB:CASSFEQGNSPLYF;TRA:CALSDGNMGYKLTF,TRB:TGTGCCAGCGGGGGGAACACAGAAGTCTTCTTT;TRB:TGTGCCAGCAGCTTCGAACAGGGAAATTCGCCCCTCTACTTT;TRA:TGTGCTTTGAGTGACGGCAACATGGGCTACAAACTTACCTTC,,TRB:gene
clonotype386,1,0.0004761904761904762,TRB:CASSDARGRGQNTLYF;TRB:CASSLGTGDERLFF;TRA:CAVSASYNVLYF,TRB:TGTGCCAGCAGTGATGCACGGGGAAGAGGACAAAACACCTTGTACTTT;TRB:TGTGCTAGCAGTTTGGGGACAGGGGACGAAAGATTATTTTTC;TRA:TGCGCAGTCAGTGCCTCTTACAACGTGCTTTACTTC,TRB:gene,TRB:gene
clonotype387,1,0.0004761904761904762,TRB:CASSFTANQDTQYF;TRA:CAANYGNEKITF,TRB:TGTGCTAGCAGTTTTACAGCTAACCAAGACACCCAGTACTTT;TRA:TGTGCTGCTAACTATGGAAATGAGAAAATAACTTTT,TRB:gene,
clonotype388,1,0.0004761904761904762,TRB:CASSFSNANTEVFF;TRA:CAVSAWAQGLTF,TRB:TGTGCTAGCAGTTTTTCGAATGCAAACACAGAAGTCTTCTTT;TRA:TGCGCAGTCAGTGCATGGGCCCAGGGATTAACCTTC,TRB:gene,
clonotype389,1,0.0004761904761904762,TRB:CASSRREANTEVFF;TRA:CAVRDNYAQGLTF,TRB:TGTGCTAGCAGTAGACGGGAGGCGAACACAGAAGTCTTCTTT;TRA:TGTGCTGTGAGGGATAACTATGCCCAGGGATTAACCTTC,,
clonotype390,1,0.0004761904761904762,TRB:CASSSRGSNTEVFF;TRA:CAVRDNYAQGLTF,TRB:TGTGCTAGCAGTAGCCGGGGGTCAAACACAGAAGTCTTCTTT;TRA:TGTGCTGTGAGGGATAACTATGCCCAGGGATTAACCTTC,,
clonotype391,1,0.0004761904761904762,TRB:CASSPMGGDEQYF;TRA:CAASSSGSFNKLTF,TRB:TGTGCCAGCAGTCCCATGGGGGGCGATGAACAGTACTTC;TRA:TGTGCAGCTAGTTCATCTGGTAGCTTCAATAAGTTGACCTTT,,
clonotype392,1,0.0004761904761904762,TRB:CASSTWAEVFF;TRA:CAVSIPGTGGYKVVF,TRB:TGTGCCAGCAGTACATGGGCAGAAGTCTTCTTT;TRA:TGTGCAGTGAGCATACCAGGGACTGGAGGCTATAAAGTGGTCTTT,,TRB:gene
clonotype393,1,0.0004761904761904762,TRB:CASSLVSNQDTQYF;TRA:CALGEVNNNAPRF,TRB:TGTGCTAGCAGTTTAGTCAGTAACCAAGACACCCAGTACTTT;TRA:TGTGCTCTGGGTGAAGTTAACAACAATGCCCCACGATTT,TRB:gene,
clonotype394,1,0.0004761904761904762,TRB:CASRNRGANSPLYF;TRA:CAVSPDYSNNRLTL,TRB:TGTGCTAGCAGGAACAGGGGAGCCAATTCGCCCCTCTACTTT;TRA:TGTGCTGTGAGCCCCGACTACAGCAACAACAGACTTACTTTG,,
clonotype395,1,0.0004761904761904762,TRB:CASSDPGLISNERLFF;TRA:CAVTNNYAQGLTF,TRB:TGTGCCAGCAGTGACCCGGGACTGATTTCCAACGAAAGATTATTTTTC;TRA:TGCGCAGTCACAAATAACTATGCCCAGGGATTAACCTTC,,TRB:gene
clonotype396,1,0.0004761904761904762,TRB:CARQGEDSYNSPLYF;TRB:CASSFRGNTEVFF;TRA:CAVSMVNSAGNKLTF,TRB:TGTGCTAGACAGGGGGAGGATTCCTATAATTCGCCCCTCTACTTT;TRB:TGTGCCAGCAGCTTCCGGGGTAACACAGAAGTCTTCTTT;TRA:TGTGCTGTGAGCATGGTTAACAGTGCAGGGAACAAGCTAACTTTT,TRB:gene,
clonotype397,1,0.0004761904761904762,TRB:CASSRDWGGREQYF;TRB:CASSRVRNTGQLYF;TRA:CAMREPGNEKITF,TRB:TGTGCAAGCAGCCGGGACTGGGGGGGCCGTGAACAGTACTTC;TRB:TGTGCTAGCAGTAGAGTCAGGAACACCGGGCAGCTCTACTTT;TRA:TGTGCTATGAGAGAGCCTGGAAATGAGAAAATAACTTTT,,
clonotype398,1,0.0004761904761904762,TRB:CASSRDWGAETLYF;TRA:CALSEPSGSWQLIF,TRB:TGTGCCAGCAGCCGGGACTGGGGGGCAGAAACGCTGTATTTT;TRA:TGTGCTTTGAGTGAACCTTCTGGCAGCTGGCAACTCATCTTT,,
clonotype399,1,0.0004761904761904762,TRB:CASSLKTNSDYTF;TRA:CALGDEGTGGYKVVF,TRB:TGTGCAAGCAGCTTAAAGACAAACTCCGACTACACCTTC;TRA:TGTGCTCTGGGTGATGAAGGGACTGGAGGCTATAAAGTGGTCTTT,,
clonotype400,1,0.0004761904761904762,TRB:CASSPWDSNYAEQFF;TRA:CAMREGNYAQGLTF,TRB:TGTGCCAGCAGTCCTTGGGACAGTAACTATGCTGAGCAGTTCTTC;TRA:TGTGCTATGAGAGAGGGTAACTATGCCCAGGGATTAACCTTC,,TRB:gene
clonotype401,1,0.0004761904761904762,TRB:CASSLRTPNQAPLF;TRB:CASSYGGNYAEQFF;TRA:CALSDRLSGSFNKLTF,TRB:TGTGCTAGCAGTTTAAGGACACCTAACCAGGCTCCGCTTTTT;TRB:TGTGCCAGCAGCTACGGGGGGAACTATGCTGAGCAGTTCTTC;TRA:TGTGCTCTGAGTGATCGTTTATCTGGTAGCTTCAATAAGTTGACCTTT,TRB:gene,
clonotype402,1,0.0004761904761904762,TRB:CASSQTGPLNERLFF;TRA:CAMRENTGGLSGKLTF,TRB:TGTGCCAGCAGCCAAACAGGGCCCCTCAACGAAAGATTATTTTTC;TRA:TGTGCTATGAGAGAGAATACTGGAGGACTAAGTGGTAAATTAACATTC,,
clonotype403,1,0.0004761904761904762,TRB:CASSLFQGRAEQFF;TRA:CAANYGNEKITF,TRB:TGTGCTAGCAGTTTATTCCAGGGAAGGGCTGAGCAGTTCTTC;TRA:TGTGCAGCAAACTATGGAAATGAGAAAATAACTTTT,TRB:gene,
clonotype404,1,0.0004761904761904762,TRB:CASSFGGNQDTQYF;TRA:CAATYGNEKITF,TRB:TGTGCTAGCAGTTTCGGGGGAAACCAAGACACCCAGTACTTT;TRA:TGTGCTGCCACCTATGGAAATGAGAAAATAACTTTT,TRB:gene,
clonotype405,1,0.0004761904761904762,TRB:CASRWGGGAETLYF;TRA:CAAGEASSFSKLVF,TRB:TGTGCTAGCCGCTGGGGGGGTGGTGCAGAAACGCTGTATTTT;TRA:TGCGCAGCAGGTGAGGCCTCCTCCTTCAGCAAGCTGGTGTTT,TRB:gene,
clonotype406,1,0.0004761904761904762,TRB:CASSSTGGSGQLYF;TRA:CAASPGGQKLVF,TRB:TGTGCTAGCAGCAGCACTGGGGGCTCCGGGCAGCTCTACTTT;TRA:TGTGCAGCAAGTCCCGGCGGCCAGAAGCTGGTTTTT,,
clonotype407,1,0.0004761904761904762,TRB:CASSRDKNTEVFF;TRA:CAASASGGNYKPTF,TRB:TGTGCCAGCAGCCGGGACAAGAACACAGAAGTCTTCTTT;TRA:TGTGCAGCAAGTGCCTCAGGAGGAAACTACAAACCTACGTTT,,
clonotype408,1,0.0004761904761904762,TRB:CASGEGTDPNSDYTF;TRA:CAASESPGGYKVVF,TRB:TGTGCCAGCGGTGAGGGGACAGATCCAAACTCCGACTACACCTTC;TRA:TGTGCAGCAAGTGAGTCGCCTGGAGGCTATAAAGTGGTCTTT,TRB:gene,TRB:gene
clonotype409,1,0.0004761904761904762,TRB:CASSQDQGYAEQFF;TRA:CAASPDYSNNRLTL,TRB:TGTGCCAGCAGCCAAGACCAGGGCTATGCTGAGCAGTTCTTC;TRA:TGTGCAGCAAGTCCGGACTACAGCAACAACAGACTTACTTTG,,
clonotype410,1,0.0004761904761904762,TRB:CASSPGQANTEVFF;TRA:CALSDPYANKMIF,TRB:TGTGCTAGCAGTCCCGGACAGGCAAACACAGAAGTCTTCTTT;TRA:TGTGCTCTGAGTGACCCCTATGCAAACAAGATGATCTTT,TRB:gene,
clonotype411,1,0.0004761904761904762,TRB:CASSLTQGQDTQYF;TRA:CALSNTGYQNFYF,TRB:TGTGCTAGCAGTTTAACACAGGGACAAGACACCCAGTACTTT;TRA:TGTGCTCTGAGTAACACGGGTTACCAGAACTTCTATTTT,TRB:gene,
clonotype412,1,0.0004761904761904762,TRB:CASSITNTEVFF,TRB:TGTGCCAGCAGTATAACCAACACAGAAGTCTTCTTT,,TRB:gene
clonotype413,1,0.0004761904761904762,TRB:CASSITNTEVFF,TRB:TGTGCCAGCAGTATAACCAACACAGAAGTCTTCTTT,,TRB:gene
clonotype414,1,0.0004761904761904762,TRB:CASSIVSYEQYF,TRB:TGTGCCAGCAGTATAGTCAGTTATGAACAGTACTTC,,TRB:gene
clonotype415,1,0.0004761904761904762,TRB:CASSIVSYEQYF,TRB:TGTGCCAGCAGTATAGTCAGTTATGAACAGTACTTC,,TRB:gene
clonotype416,1,0.0004761904761904762,TRB:CASSSNTGQLYF,TRB:TGTGCCAGCAGTTCAAACACCGGGCAGCTCTACTTT,,TRB:gene
clonotype417,1,0.0004761904761904762,TRA:CASQSSNTNKVVF,TRA:TGTGCTTCCCAATCTTCCAATACCAACAAAGTCGTCTTT,,
clonotype418,1,0.0004761904761904762,TRB:CASSQDGRGAGNTLYF,TRB:TGTGCCAGCAGCCAAGACGGCAGGGGGGCTGGAAATACGCTCTATTTT,,
clonotype419,1,0.0004761904761904762,TRB:CASSQDGRGAGNTLYF,TRB:TGTGCCAGCAGCCAAGACGGCAGGGGGGCTGGAAATACGCTCTATTTT,,
clonotype420,1,0.0004761904761904762,TRA:CAVSARGSALGRLHF,TRA:TGTGCTGTGAGCGCGAGGGGTTCAGCCTTAGGGAGGCTGCATTTT,,
clonotype421,1,0.0004761904761904762,TRB:CASSRVRLGEDTQYF,TRB:TGTGCTAGCAGTAGAGTCCGACTGGGGGAAGACACCCAGTACTTT,,
clonotype422,1,0.0004761904761904762,TRB:CASSGRDRNYAEQFF,TRB:TGTGCTAGCAGTGGCCGGGACAGGAACTATGCTGAGCAGTTCTTC,,
clonotype423,1,0.0004761904761904762,TRB:CASSLDGGDTEVFF,TRB:TGTGCAAGCAGCTTAGACGGGGGGGACACAGAAGTCTTCTTT,,
clonotype424,1,0.0004761904761904762,TRB:CASRKTGENSPLYF,TRB:TGTGCCAGCAGAAAGACAGGGGAGAATTCGCCCCTCTACTTT,,
clonotype425,1,0.0004761904761904762,TRB:CASRKTGENSPLYF,TRB:TGTGCCAGCAGAAAGACAGGGGAGAATTCGCCCCTCTACTTT,,
clonotype426,1,0.0004761904761904762,TRB:CASRSTGVSYEQYF,TRB:TGTGCCAGCAGATCGACAGGGGTCTCCTATGAACAGTACTTC,,
clonotype427,1,0.0004761904761904762,TRB:CASRSGQDNSPLYF,TRB:TGTGCCAGCAGGTCGGGACAGGATAATTCGCCCCTCTACTTT,,
clonotype428,1,0.0004761904761904762,TRB:CASSFRDYSYEQYF,TRB:TGTGCCAGCAGTTTCCGGGACTACTCCTATGAACAGTACTTC,,
clonotype429,1,0.0004761904761904762,TRB:CASSSDWGIYAEQFF,TRB:TGTGCCAGCAGCTCGGACTGGGGGATCTATGCTGAGCAGTTCTTC,,
clonotype430,1,0.0004761904761904762,TRB:CASSSDWGIYAEQFF,TRB:TGTGCCAGCAGCTCGGACTGGGGGATCTATGCTGAGCAGTTCTTC,,
clonotype431,1,0.0004761904761904762,TRB:CASSLTGGNSDYTF;TRA:CIVTDTNAYKVIF,TRB:TGTGCCAGCAGTCTGACAGGGGGTAACTCCGACTACACCTTC;TRA:TGCATTGTGACTGACACAAATGCTTACAAAGTCATCTTT,,
clonotype432,1,0.0004761904761904762,TRB:CASSQETGGYAEQFF;TRA:CAADNTNKVVF,TRB:TGTGCCAGCAGCCAAGAGACTGGGGGCTATGCTGAGCAGTTCTTC;TRA:TGTGCTGCTGACAATACCAACAAAGTCGTCTTT,,
clonotype433,1,0.0004761904761904762,TRB:CASTSDSSNERLFF;TRA:CAPSNMGYKLTF,TRB:TGTGCCAGCACCAGTGACAGTTCCAACGAAAGATTATTTTTC;TRA:TGTGCACCTAGCAACATGGGCTACAAACTTACCTTC,,
clonotype434,1,0.0004761904761904762,TRB:CASSFRDRSYEQYF;TRA:CAMDQRF,TRB:TGTGCCAGCAGTTTCCGGGACAGGTCCTATGAACAGTACTTC;TRA:TGTGCTATGGACCAGAGGTTT,,
clonotype435,1,0.0004761904761904762,TRB:CASSLTISGNTLYF;TRA:CAMEPSSGSWQLIF,TRB:TGTGCCAGCAGTCTGACAATTTCTGGAAATACGCTCTATTTT;TRA:TGTGCTATGGAACCTTCTTCTGGCAGCTGGCAACTCATCTTT,,
clonotype436,1,0.0004761904761904762,TRB:CASSFGTYNQAPLF;TRA:CALWSGSWQLIF,TRB:TGTGCCAGCAGTTTTGGGACATACAACCAGGCTCCGCTTTTT;TRA:TGTGCTTTGTGGTCTGGCAGCTGGCAACTCATCTTT,,
clonotype437,1,0.0004761904761904762,TRB:CASSRTGGDTEVFF;TRA:CAVSNQGGRALIF,TRB:TGTGCCAGCAGCCGGACAGGGGGCGACACAGAAGTCTTCTTT;TRA:TGTGCTGTGAGCAACCAGGGAGGCAGAGCTCTGATATTT,,
clonotype438,1,0.0004761904761904762,TRB:CTCSEGQGAGLFF;TRA:CAVSAQNNNAPRF,TRB:TGCACCTGCAGTGAGGGACAGGGGGCTGGATTATTTTTC;TRA:TGTGCTGTGAGCGCGCAGAACAACAATGCCCCACGATTT,TRB:gene,
clonotype439,1,0.0004761904761904762,TRB:CTCSAEQAETLYF;TRA:CAATYDSGYNKLTF,TRB:TGCACCTGCAGTGCAGAACAGGCAGAAACGCTGTATTTT;TRA:TGTGCAGCAACCTATGACTCGGGATACAACAAACTCACTTTT,TRB:gene,
clonotype440,1,0.0004761904761904762,TRB:CASSITNTEVFF;TRA:CAVSDRGSALGRLHF,TRB:TGTGCCAGCAGTATAACAAACACAGAAGTCTTCTTT;TRA:TGTGCTGTGAGCGATAGAGGTTCAGCCTTAGGGAGGCTGCATTTT,,TRB:gene
clonotype441,1,0.0004761904761904762,TRB:CASSFRDSSYEQYF;TRA:CAVQGGRALIF,TRB:TGTGCCAGCAGTTTCAGGGACAGCTCCTATGAACAGTACTTC;TRA:TGTGCTGTCCAGGGAGGCAGAGCTCTGATATTT,,
clonotype442,1,0.0004761904761904762,TRB:CASSFRDYSYEQYF;TRA:CATNNYAQGLTF,TRB:TGTGCCAGCAGTTTCCGGGACTACTCCTATGAACAGTACTTC;TRA:TGTGCTACTAATAACTATGCCCAGGGATTAACCTTC,,
clonotype443,1,0.0004761904761904762,TRB:CASSDRGGAFQDTQYF;TRA:CAVSATSNNRIFF,TRB:TGTGCCAGCAGTGATCGGGGGGGGGCTTTCCAAGACACCCAGTACTTT;TRA:TGCGCAGTCAGTGCAACTAGCAATAACAGAATCTTCTTT,,TRB:gene
clonotype444,1,0.0004761904761904762,TRB:CASRGLGGRQNTLYF;TRA:CALSEGGTGSKLSF;TRA:CAVSPTGGNNKLTF,TRB:TGTGCCAGCAGAGGGCTGGGGGGGCGCCAAAACACCTTGTACTTT;TRA:TGTGCTCTGAGTGAAGGAGGCACTGGGTCTAAGCTGTCATTT;TRA:TGTGCTGTGAGCCCTACTGGAGGCAATAATAAGCTGACTTTT,,
clonotype445,1,0.0004761904761904762,TRB:CASSLLGGRQNTLYF;TRA:CAASGGSALGRLHF;TRA:CAMEPSSGQKLVF,TRB:TGTGCTAGCAGTTTATTGGGGGGAAGACAAAACACCTTGTACTTT;TRA:TGTGCAGCAAGTGGAGGTTCAGCCTTAGGGAGGCTGCATTTT;TRA:TGTGCTATGGAACCTTCAAGTGGCCAGAAGCTGGTTTTT,TRB:gene,
clonotype446,1,0.0004761904761904762,TRB:CASSGRDRANSDYTF;TRA:CAVISGGSNYKLTF,TRB:TGTGCTAGCAGTGGCCGGGACAGGGCAAACTCCGACTACACCTTC;TRA:TGCGCAGTCATCAGTGGAGGCAGCAATTACAAACTGACATTT,,
clonotype447,1,0.0004761904761904762,TRB:CASSSTGGGSDYTF;TRA:CAASPDTNAYKVIF,TRB:TGTGCAAGCAGCTCGACAGGGGGCGGGTCCGACTACACCTTC;TRA:TGTGCAGCAAGCCCTGACACAAATGCTTACAAAGTCATCTTT,,
clonotype448,1,0.0004761904761904762,TRB:CASSHRDWGYEQYF;TRB:CASTFGLGEGTGQLYF;TRA:CAIYYNQGKLIF;TRA:CALSMGGSALGRLHF,TRB:TGTGCCAGCAGCCACCGGGACTGGGGGTATGAACAGTACTTC;TRB:TGTGCTAGCACCTTCGGACTGGGGGAAGGCACCGGGCAGCTCTACTTT;TRA:TGTGCTATCTATTATAACCAGGGGAAGCTTATCTTT;TRA:TGTGCTCTGAGCATGGGGGGTTCAGCCTTAGGGAGGCTGCATTTT,,
clonotype449,1,0.0004761904761904762,TRB:CASSHRDWGYEQYF;TRA:CAIYYNQGKLIF,TRB:TGTGCCAGCAGCCACCGGGACTGGGGGTATGAACAGTACTTC;TRA:TGTGCTATCTATTATAACCAGGGGAAGCTTATCTTT,,
clonotype450,1,0.0004761904761904762,TRB:CASSFRDFSYEQYF;TRA:CAMNQGGRALIF,TRB:TGTGCCAGCAGTTTCCGGGACTTCTCCTATGAACAGTACTTC;TRA:TGTGCTATGAATCAGGGAGGCAGAGCTCTGATATTT,,
clonotype451,1,0.0004761904761904762,TRB:CASSITKYEQYF;TRA:CALGGGSALGRLHF,TRB:TGTGCCAGCAGTATAACCAAATATGAACAGTACTTC;TRA:TGTGCTCTGGGGGGAGGTTCAGCCTTAGGGAGGCTGCATTTT,,TRB:gene
clonotype452,1,0.0004761904761904762,TRB:CASSLSGGQDTQYF;TRA:CALGETNSAGNKLTF,TRB:TGTGCCAGCAGCTTATCTGGGGGTCAAGACACCCAGTACTTT;TRA:TGTGCTCTGGGTGAGACTAACAGTGCAGGGAACAAGCTAACTTTT,,
clonotype453,1,0.0004761904761904762,TRB:CASSSGGEGNERLFF;TRA:CALSGGSALGRLHF,TRB:TGTGCTAGCAGTAGCGGGGGAGAGGGCAACGAAAGATTATTTTTC;TRA:TGTGCTCTGAGCGGAGGTTCAGCCTTAGGGAGGCTGCATTTT,,
clonotype454,1,0.0004761904761904762,TRB:CASSFSSNNQAPLF;TRA:CALSERNYNQGKLIF,TRB:TGTGCAAGCAGCTTCTCCAGTAACAACCAGGCTCCGCTTTTT;TRA:TGTGCTTTGAGTGAAAGGAATTATAACCAGGGGAAGCTTATCTTT,,
clonotype455,1,0.0004761904761904762,TRB:CASSRLGGQDTQYF;TRA:CALGALNSAGNKLTF,TRB:TGTGCCAGCAGCCGACTGGGGGGTCAAGACACCCAGTACTTT;TRA:TGTGCTCTGGGTGCCCTCAACAGTGCAGGGAACAAGCTAACTTTT,,
clonotype456,1,0.0004761904761904762,TRB:CASSFRDWGYEQYF;TRA:CALRANYGNEKITF,TRB:TGTGCCAGCAGTTTCAGGGACTGGGGGTATGAACAGTACTTC;TRA:TGTGCTCTGAGGGCCAACTATGGAAATGAGAAAATAACTTTT,,
clonotype457,1,0.0004761904761904762,TRB:CASSWTGNYAEQFF;TRA:CALSDRDMGYKLTF,TRB:TGTGCCAGCAGTTGGACTGGGAACTATGCTGAGCAGTTCTTC;TRA:TGTGCTCTGAGTGATCGGGACATGGGCTACAAACTTACCTTC,,
clonotype458,1,0.0004761904761904762,TRB:CASSSGLGGRGEQYF;TRA:CAVASTSGGNYKPTF,TRB:TGTGCCAGCAGCTCGGGACTGGGGGGGCGCGGGGAACAGTACTTC;TRA:TGCGCAGTCGCCTCGACCTCAGGAGGAAACTACAAACCTACGTTT,,
clonotype459,1,0.0004761904761904762,TRB:CASSLDWDQDTQYF;TRA:CALGPMNYNQGKLIF,TRB:TGTGCCAGCAGCTTGGACTGGGACCAAGACACCCAGTACTTT;TRA:TGTGCTCTGGGCCCTATGAATTATAACCAGGGGAAGCTTATCTTT,,
clonotype460,1,0.0004761904761904762,TRB:CASSEGSYNSPLYF;TRA:CAASESNYQLIW,TRB:TGTGCAAGCAGCGAGGGTTCCTATAATTCGCCCCTCTACTTT;TRA:TGTGCAGCAAGTGAAAGCAACTATCAGTTGATCTGG,,
clonotype461,1,0.0004761904761904762,TRB:CASSLPTDANTEVFF;TRA:CAAGMNTGYQNFYF,TRB:TGTGCTAGCAGTTTACCGACAGACGCAAACACAGAAGTCTTCTTT;TRA:TGTGCAGCAGGGATGAACACGGGTTACCAGAACTTCTATTTT,TRB:gene,
clonotype462,1,0.0004761904761904762,TRB:CASRTDWGGDTLYF;TRA:CAASATDSAGNKLTF,TRB:TGTGCCAGCAGGACGGACTGGGGGGGCGACACGCTGTATTTT;TRA:TGTGCAGCAAGTGCAACGGACAGTGCAGGGAACAAGCTAACTTTT,,
clonotype463,1,0.0004761904761904762,TRB:CASSGDRSTEVFF,TRB:TGTGCCAGCAGTGGGGACAGGTCCACAGAAGTCTTCTTT,,TRB:gene
clonotype464,1,0.0004761904761904762,TRB:CASSGDRSTEVFF,TRB:TGTGCCAGCAGTGGGGACAGGTCCACAGAAGTCTTCTTT,,TRB:gene
clonotype465,1,0.0004761904761904762,TRA:CALMDYSNNRLTL,TRA:TGTGCTCTGATGGACTACAGCAACAACAGACTTACTTTG,,
clonotype466,1,0.0004761904761904762,TRB:CASTFGLGEGTGQLYF,TRB:TGTGCTAGCACCTTCGGACTGGGGGAAGGCACCGGGCAGCTCTACTTT,,
clonotype467,1,0.0004761904761904762,TRB:CASTFGLGEGTGQLYF,TRB:TGTGCTAGCACCTTCGGACTGGGGGAAGGCACCGGGCAGCTCTACTTT,,
clonotype468,1,0.0004761904761904762,TRB:CASSPGLGANTGQLYF,TRB:TGTGCTAGCAGCCCGGGACTGGGAGCAAACACCGGGCAGCTCTACTTT,,
clonotype469,1,0.0004761904761904762,TRB:CASSNRDWGFYEQYF,TRB:TGTGCAAGCAGCAACCGGGACTGGGGGTTCTATGAACAGTACTTC,,
clonotype470,1,0.0004761904761904762,TRB:CASSAWDWGDAEQFF,TRB:TGTGCAAGCAGCGCCTGGGACTGGGGGGATGCTGAGCAGTTCTTC,,
clonotype471,1,0.0004761904761904762,TRB:CASTNWGGGQDTQYF,TRB:TGTGCCAGCACCAACTGGGGGGGAGGCCAAGACACCCAGTACTTT,,
clonotype472,1,0.0004761904761904762,TRB:CASSLWGTSAETLYF,TRB:TGTGCCAGCAGTTTGTGGGGGACTAGTGCAGAAACGCTGTATTTT,,
clonotype473,1,0.0004761904761904762,TRB:CASSLWGTSAETLYF,TRB:TGTGCCAGCAGTTTGTGGGGGACTAGTGCAGAAACGCTGTATTTT,,
clonotype474,1,0.0004761904761904762,TRB:CASSQDRRDYYAEQFF,TRB:TGTGCCAGCAGCCAAGATCGACGGGATTACTATGCTGAGCAGTTCTTC,,
clonotype475,1,0.0004761904761904762,TRB:CASSPRLGNTGQLYF;TRA:CAMREGSGGNYKPTF;TRA:CATGTGSGGKLTL,TRB:TGTGCAAGCAGCCCCCGGCTGGGGAACACCGGGCAGCTCTACTTT;TRA:TGTGCTATGAGAGAGGGATCAGGAGGAAACTACAAACCTACGTTT;TRA:TGTGCTACTGGGACTGGCAGTGGTGGAAAACTCACTTTG,,
clonotype476,1,0.0004761904761904762,TRB:CASSDRDSISYEQYF;TRA:CAAGMYGNEKITF,TRB:TGTGCAAGCAGCGACCGGGACAGTATCTCCTATGAACAGTACTTC;TRA:TGTGCTGCTGGGATGTATGGAAATGAGAAAATAACTTTT,,
clonotype477,1,0.0004761904761904762,TRB:CASSSRANYNYAEQFF;TRA:CAGDNYAQGLTF,TRB:TGTGCTAGCAGTTCTCGGGCCAATTATAACTATGCTGAGCAGTTCTTC;TRA:TGTGCGGGGGATAACTATGCCCAGGGATTAACCTTC,TRB:gene,
clonotype478,1,0.0004761904761904762,TRB:CASSLSEGTGYAEQFF;TRA:CATYNNYAQGLTF,TRB:TGTGCTAGCAGTTTATCGGAGGGGACTGGCTATGCTGAGCAGTTCTTC;TRA:TGTGCTACTTATAATAACTATGCCCAGGGATTAACCTTC,TRB:gene,
clonotype479,1,0.0004761904761904762,TRB:CASSLVGAGTGQLYF;TRA:CAARNNYAQGLTF,TRB:TGTGCAAGCAGCTTAGTGGGGGCGGGCACCGGGCAGCTCTACTTT;TRA:TGTGCAGCAAGAAATAACTATGCCCAGGGATTAACCTTC,,
clonotype480,1,0.0004761904761904762,TRB:CASSLGGATEVFF;TRA:CALSDGTSGQKLVF,TRB:TGTGCCAGCAGTCTAGGGGGCGCGACAGAAGTCTTCTTT;TRA:TGTGCTTTGAGTGATGGGACAAGTGGCCAGAAGCTGGTTTTT,,TRB:gene
clonotype481,1,0.0004761904761904762,TRB:CASSPGTGGGERLFF;TRA:CAARPMDSNYQLIW,TRB:TGTGCCAGCAGCCCTGGGACAGGGGGAGGCGAAAGATTATTTTTC;TRA:TGTGCAGCTAGGCCCATGGATAGCAACTATCAGTTGATCTGG,,
clonotype482,1,0.0004761904761904762,TRB:CASSLPGGSAETLYF;TRA:CAVSSSGSWQLIF,TRB:TGTGCCAGCAGCTTACCGGGGGGTAGTGCAGAAACGCTGTATTTT;TRA:TGTGCTGTGTCATCTTCTGGCAGCTGGCAACTCATCTTT,,
clonotype483,1,0.0004761904761904762,TRB:CASSLGEGQNTLYF;TRB:CASSLGHISNERLFF;TRA:CASSSNTNKVVF,TRB:TGTGCCAGCTCTCTCGGGGAAGGTCAAAACACCTTGTACTTT;TRB:TGTGCAAGCAGCTTAGGTCACATTTCCAACGAAAGATTATTTTTC;TRA:TGTGCTTCGTCTTCCAATACCAACAAAGTCGTCTTT,,
clonotype484,1,0.0004761904761904762,TRB:CASSFWGAGENTLYF;TRA:CAANYGNEKITF,TRB:TGTGCCAGCAGTTTCTGGGGGGCGGGGGAAAACACCTTGTACTTT;TRA:TGTGCTGCCAACTATGGAAATGAGAAAATAACTTTT,,
clonotype485,1,0.0004761904761904762,TRB:CASSPGGLNQDTQYF;TRA:CAETGGYKVVF,TRB:TGTGCCAGCAGCCCTGGGGGGCTTAACCAAGACACCCAGTACTTT;TRA:TGTGCTGAGACTGGAGGCTATAAAGTGGTCTTT,,
clonotype486,1,0.0004761904761904762,TRB:CTCSAGTGGDEQYF;TRA:CAPNYGNEKITF,TRB:TGCACCTGCAGTGCGGGGACAGGGGGCGATGAACAGTACTTC;TRA:TGTGCTCCCAACTATGGAAATGAGAAAATAACTTTT,TRB:gene,
clonotype487,1,0.0004761904761904762,TRB:CASSPRLATNTGQLYF;TRA:CAVSMTSGGNYKPTF,TRB:TGTGCTAGCAGTCCCCGGCTGGCTACAAACACCGGGCAGCTCTACTTT;TRA:TGTGCAGTGAGCATGACCTCAGGAGGAAACTACAAACCTACGTTT,TRB:gene,
clonotype488,1,0.0004761904761904762,TRB:CASSQVDRGSYNSPLYF;TRA:CALSDPNTNKVVF,TRB:TGTGCCAGCAGCCAAGTGGACAGGGGTTCCTATAATTCGCCCCTCTACTTT;TRA:TGTGCTTTGAGTGATCCCAATACCAACAAAGTCGTCTTT,,
clonotype489,1,0.0004761904761904762,TRB:CASSPWDTNYAEQFF;TRA:CAMNAGAKLTF,TRB:TGTGCCAGCAGTCCCTGGGACACTAACTATGCTGAGCAGTTCTTC;TRA:TGTGCTATGAATGCAGGTGCCAAGCTCACATTC,,
clonotype490,1,0.0004761904761904762,TRB:CASSQDWGGDYAEQFF;TRA:CALSVTSGGNYKPTF;TRA:CATGTQVVGQLTF,TRB:TGTGCCAGCAGCCAAGACTGGGGGGGGGACTATGCTGAGCAGTTCTTC;TRA:TGTGCTCTGAGTGTAACCTCAGGAGGAAACTACAAACCTACGTTT;TRA:TGCGCAACCGGGACACAGGTTGTGGGGCAGCTCACTTTC,,
clonotype491,1,0.0004761904761904762,TRB:CASRGTGGYEQYF;TRA:CAVSAGGYQNFYF,TRB:TGTGCCAGCAGGGGGACTGGGGGATATGAACAGTACTTC;TRA:TGCGCAGTCAGTGCAGGCGGTTACCAGAACTTCTATTTT,,TRB:gene
clonotype492,1,0.0004761904761904762,TRB:CASSLDDWGSYEQYF;TRA:CAVNPGTGGYKVVF,TRB:TGTGCAAGCAGCTTAGATGACTGGGGCTCCTATGAACAGTACTTC;TRA:TGCGCAGTCAACCCCGGGACTGGAGGCTATAAAGTGGTCTTT,,
clonotype493,1,0.0004761904761904762,TRB:CASSLDDWGSYEQYF;TRA:CAVSAGDTNAYKVIF,TRB:TGTGCAAGCAGCTTAGACGACTGGGGCTCCTATGAACAGTACTTC;TRA:TGCGCAGTCAGTGCGGGGGACACAAATGCTTACAAAGTCATCTTT,,
clonotype494,1,0.0004761904761904762,TRA:CAASGASSSFSKLVF,TRA:TGTGCTGCAAGTGGAGCATCCTCCTCCTTCAGCAAGCTGGTGTTT,,
clonotype495,1,0.0004761904761904762,TRB:CASSMWGYAETLYF,TRB:TGTGCCAGCAGTATGTGGGGATATGCAGAAACGCTGTATTTT,,TRB:gene
clonotype496,1,0.0004761904761904762,TRB:CASSMWGYAETLYF,TRB:TGTGCCAGCAGTATGTGGGGATATGCAGAAACGCTGTATTTT,,TRB:gene
clonotype497,1,0.0004761904761904762,TRB:CASRDWGGQNTLYF,TRB:TGTGCCAGCCGGGACTGGGGGGGTCAAAACACCTTGTACTTT,,TRB:gene
clonotype498,1,0.0004761904761904762,TRB:CASRDWGGQNTLYF,TRB:TGTGCCAGCCGGGACTGGGGGGGTCAAAACACCTTGTACTTT,,TRB:gene
clonotype499,1,0.0004761904761904762,TRB:CASSFGWGGNYAEQFF,TRB:TGTGCCAGCAGTTTCGGCTGGGGGGGTAACTATGCTGAGCAGTTCTTC,,
clonotype500,1,0.0004761904761904762,TRB:CTCSADSRARYEQYF,TRB:TGCACCTGCAGTGCAGATAGCCGGGCCCGCTATGAACAGTACTTC,TRB:gene,
clonotype501,1,0.0004761904761904762,TRB:CASRDRGQNTEVFF;TRB:CTCSADSGGGAETLYF;TRA:CATSSGSWQLIF;TRA:CIVTDIGPGTYQRF,TRB:TGTGCCAGCAGGGACAGGGGGCAGAACACAGAAGTCTTCTTT;TRB:TGCACCTGCAGTGCAGATTCTGGGGGGGGTGCAGAAACGCTGTATTTT;TRA:TGTGCGACATCTTCTGGCAGCTGGCAACTCATCTTT;TRA:TGCATTGTGACTGACATTGGGCCTGGGACTTACCAGAGGTTT,TRB:gene,TRB:gene
clonotype502,1,0.0004761904761904762,TRB:CASSVWANTGQLYF;TRA:CAPYTEGADRLTF,TRB:TGTGCCAGCAGTGTCTGGGCTAACACCGGGCAGCTCTACTTT;TRA:TGTGCCCCCTATACAGAAGGTGCAGATAGACTCACCTTT,,TRB:gene
clonotype503,1,0.0004761904761904762,TRB:CASSPWGAQDTQYF;TRA:CAVEGMGYKLTF;TRA:CSASRDYSNNRLTL,TRB:TGTGCCAGCAGCCCCTGGGGAGCCCAAGACACCCAGTACTTT;TRA:TGTGCAGTAGAAGGCATGGGCTACAAACTTACCTTC;TRA:TGCTCAGCAAGTAGGGACTACAGCAACAACAGACTTACTTTG,,TRB:gene
clonotype504,1,0.0004761904761904762,TRB:CASSPFTGTYQDTQYF;TRA:CALGVYSNNRLTL,TRB:TGTGCAAGCAGCCCCTTCACCGGGACATACCAAGACACCCAGTACTTT;TRA:TGTGCTCTGGGTGTCTACAGCAACAACAGACTTACTTTG,,
clonotype505,1,0.0004761904761904762,TRB:CTCSAGGQGAVEQYF;TRA:CVLSAEGGYKVVF,TRB:TGCACCTGCAGTGCAGGGGGACAGGGGGCTGTTGAACAGTACTTC;TRA:TGTGTTTTGAGCGCGGAGGGAGGCTATAAAGTGGTCTTT,TRB:gene,
clonotype506,1,0.0004761904761904762,TRB:CTCSAGGAGTGQLYF;TRA:CVLNNYGNEKITF,TRB:TGCACCTGCAGTGCAGGGGGCGCGGGCACCGGGCAGCTCTACTTT;TRA:TGTGTTTTGAACAACTATGGAAATGAGAAAATAACTTTT,TRB:gene,
clonotype507,1,0.0004761904761904762,TRB:CASRDRGRNSPLYF;TRA:CAVSVDYSNNRLTL,TRB:TGTGCCAGCCGAGACAGGGGACGTAATTCGCCCCTCTACTTT;TRA:TGTGCTGTGAGCGTGGACTACAGCAACAACAGACTTACTTTG,,TRB:gene
clonotype508,1,0.0004761904761904762,TRB:CASRRDWGEDTQYF;TRA:CAVTHNSAGNKLTF,TRB:TGTGCCAGCAGACGGGACTGGGGGGAAGACACCCAGTACTTT;TRA:TGCGCAGTCACCCATAACAGTGCAGGGAACAAGCTAACTTTT,,TRB:gene
clonotype509,1,0.0004761904761904762,TRB:CASRRDWGEAEQFF;TRA:CAVTLNSAGNKLTF,TRB:TGTGCCAGCAGACGGGACTGGGGGGAGGCTGAGCAGTTCTTC;TRA:TGCGCAGTCACCTTAAACAGTGCAGGGAACAAGCTAACTTTT,,TRB:gene
clonotype510,1,0.0004761904761904762,TRB:CASRRDWGVAEQFF;TRA:CAVTTNSAGNKLTF,TRB:TGTGCCAGCAGACGGGACTGGGGGGTTGCTGAGCAGTTCTTC;TRA:TGCGCAGTCACCACTAACAGTGCAGGGAACAAGCTAACTTTT,,TRB:gene
clonotype511,1,0.0004761904761904762,TRB:CASSRGVANTEVFF;TRA:CALSGHNNNAPRF,TRB:TGTGCCAGCAGTAGAGGGGTTGCAAACACAGAAGTCTTCTTT;TRA:TGTGCTCTGAGTGGCCATAACAACAATGCCCCACGATTT,,TRB:gene
clonotype512,1,0.0004761904761904762,TRB:CASRDWGGQNTLYF;TRA:CAVTITGNTGKLIF,TRB:TGTGCCAGCCGGGACTGGGGGGGTCAAAACACCTTGTACTTT;TRA:TGCGCAGTCACTATAACAGGCAATACCGGAAAACTCATCTTT,,TRB:gene
clonotype513,1,0.0004761904761904762,TRB:CTCSETGGARDTQYF;TRA:CVLGGASSSFSKLVF,TRB:TGCACCTGCAGTGAGACTGGGGGGGCGCGAGACACCCAGTACTTT;TRA:TGTGTTCTGGGTGGGGCATCCTCCTCCTTCAGCAAGCTGGTGTTT,TRB:gene,
clonotype514,1,0.0004761904761904762,TRB:CASSPGTGDSQNTLYF;TRA:CALGEGTGYQNFYF,TRB:TGTGCAAGCAGCCCCGGGACTGGGGATAGTCAAAACACCTTGTACTTT;TRA:TGTGCTCTGGGTGAGGGCACGGGTTACCAGAACTTCTATTTT,,
clonotype515,1,0.0004761904761904762,TRB:CASSIEGADTEVFF;TRA:CAMREDSSGSWQLIF,TRB:TGTGCCAGCAGTATAGAGGGGGCGGACACAGAAGTCTTCTTT;TRA:TGTGCTATGAGAGAGGATTCTTCTGGCAGCTGGCAACTCATCTTT,,TRB:gene
clonotype516,1,0.0004761904761904762,TRB:CASSIWDSYNSPLYF;TRB:CASSLDWGDNQDTQYF;TRA:CALGDQGGSALGRLHF,TRB:TGTGCCAGCAGTATATGGGATTCCTATAATTCGCCCCTCTACTTT;TRB:TGTGCCAGCAGCTTAGACTGGGGGGATAACCAAGACACCCAGTACTTT;TRA:TGTGCTCTGGGTGATCAAGGGGGTTCAGCCTTAGGGAGGCTGCATTTT,,TRB:gene
clonotype517,1,0.0004761904761904762,TRB:CASSLGWGGNYAEQFF;TRA:CAANYGNEKITF,TRB:TGTGCCAGCAGTTTAGGATGGGGGGGCAACTATGCTGAGCAGTTCTTC;TRA:TGTGCAGCCAACTATGGAAATGAGAAAATAACTTTT,,
clonotype518,1,0.0004761904761904762,TRB:CASSFGWGGNYAEQFF;TRA:CAASYGNEKITF,TRB:TGTGCCAGCAGTTTCGGCTGGGGGGGTAACTATGCTGAGCAGTTCTTC;TRA:TGTGCAGCAAGCTATGGAAATGAGAAAATAACTTTT,,
clonotype519,1,0.0004761904761904762,TRB:CASSLGWGGNYAEQFF;TRA:CAANYGNEKITF,TRB:TGTGCCAGCAGTTTGGGCTGGGGGGGGAACTATGCTGAGCAGTTCTTC;TRA:TGTGCAGCCAACTATGGAAATGAGAAAATAACTTTT,,
clonotype520,1,0.0004761904761904762,TRB:CASSIVGSGNTLYF;TRA:CAASASGGNYKPTF,TRB:TGTGCCAGCAGTATAGTTGGTTCTGGAAATACGCTCTATTTT;TRA:TGTGCAGCAAGTGCCTCAGGAGGAAACTACAAACCTACGTTT,,TRB:gene
clonotype521,1,0.0004761904761904762,TRB:CASSIWLSNERLFF;TRA:CAASARNTGNYKYVF,TRB:TGTGCCAGCAGTATATGGCTTTCCAACGAAAGATTATTTTTC;TRA:TGTGCAGCAAGTGCGAGGAATACAGGAAACTACAAATACGTCTTT,,TRB:gene
clonotype522,1,0.0004761904761904762,TRB:CASSIWTSSAETLYF,TRB:TGTGCCAGCAGTATATGGACCTCTAGTGCAGAAACGCTGTATTTT,,TRB:gene
clonotype523,1,0.0004761904761904762,TRB:CASSIWTSSAETLYF,TRB:TGTGCCAGCAGTATATGGACCTCTAGTGCAGAAACGCTGTATTTT,,TRB:gene
clonotype524,1,0.0004761904761904762,TRB:CASSMWTTSAETLYF,TRB:TGTGCCAGCAGTATGTGGACAACTAGTGCAGAAACGCTGTATTTT,,TRB:gene
clonotype525,1,0.0004761904761904762,TRB:CASSMWTTSAETLYF,TRB:TGTGCCAGCAGTATGTGGACAACTAGTGCAGAAACGCTGTATTTT,,TRB:gene
clonotype526,1,0.0004761904761904762,TRB:CTCSAVDRRANERLFF;TRA:CAVSDGGNYKYVF,TRB:TGCACCTGCAGTGCAGTTGACAGGAGGGCCAACGAAAGATTATTTTTC;TRA:TGCGCAGTCAGTGATGGAGGAAACTACAAATACGTCTTT,TRB:gene,
clonotype527,1,0.0004761904761904762,TRB:CASSIWTTSAETLYF;TRA:CAVRRSEGADRLTF,TRB:TGTGCCAGCAGTATTTGGACAACTAGTGCAGAAACGCTGTATTTT;TRA:TGCGCAGTCAGACGGTCAGAAGGTGCAGATAGACTCACCTTT,,TRB:gene
clonotype528,1,0.0004761904761904762,TRB:CASSPWGGARAEQFF;TRA:CALSPDSNYQLIW,TRB:TGTGCCAGCAGTCCCTGGGGGGGCGCGAGAGCTGAGCAGTTCTTC;TRA:TGTGCTCTGAGTCCCGATAGCAACTATCAGTTGATCTGG,,TRB:gene
clonotype529,1,0.0004761904761904762,TRB:CASTDWGFSQNTLYF;TRA:CAMREGGSNAKLTF,TRB:TGTGCCAGCACGGACTGGGGGTTTAGTCAAAACACCTTGTACTTT;TRA:TGTGCTATGAGAGAGGGAGGAAGCAATGCAAAGCTAACCTTC,,TRB:gene
clonotype530,1,0.0004761904761904762,TRB:CTCSADLPGRESDYTF;TRA:CAMREGESNYNVLYF,TRB:TGCACCTGCAGTGCAGATCTCCCAGGGAGAGAGTCCGACTACACCTTC;TRA:TGTGCTATGAGAGAGGGAGAGTCTAATTACAACGTGCTTTACTTC,TRB:gene,
clonotype531,1,0.0004761904761904762,TRB:CASSPGTGGLANTGQLYF;TRA:CAMREGHYGSSGNKLIF,TRB:TGTGCCAGCAGTCCCGGGACTGGGGGCCTTGCAAACACCGGGCAGCTCTACTTT;TRA:TGTGCTATGAGAGAGGGCCATTATGGGAGCAGTGGCAACAAGCTCATCTTT,,
clonotype532,1,0.0004761904761904762,TRB:CASSQDPSDWGAGDTQYF;TRA:CAMREGWDRGSALGRLHF,TRB:TGTGCCAGCAGCCAAGATCCCTCCGACTGGGGGGCAGGAGACACCCAGTACTTT;TRA:TGTGCTATGAGAGAGGGTTGGGATAGAGGTTCAGCCTTAGGGAGGCTGCATTTT,,
clonotype533,1,0.0004761904761904762,TRB:CASSPDWGRGQNTLYF;TRA:CAASVDNYQLIW,TRB:TGTGCCAGCAGTCCGGACTGGGGGAGGGGTCAAAACACCTTGTACTTT;TRA:TGTGCAGCTAGTGTGGACAACTATCAGTTGATCTGG,,TRB:gene
clonotype534,1,0.0004761904761904762,TRB:CASTVWGGADTGQLYF;TRA:CAPVNTGNYKYVF,TRB:TGTGCCAGCACGGTCTGGGGGGGCGCAGACACCGGGCAGCTCTACTTT;TRA:TGTGCTCCGGTTAATACAGGAAACTACAAATACGTCTTT,,TRB:gene
clonotype535,1,0.0004761904761904762,TRB:CASSIWGGSSAETLYF;TRA:CAVREDSNYQLIW,TRB:TGTGCCAGCAGTATATGGGGGGGGTCTAGTGCAGAAACGCTGTATTTT;TRA:TGCGCAGTCAGAGAGGATAGCAACTATCAGTTGATCTGG,,TRB:gene
clonotype536,1,0.0004761904761904762,TRB:CASSITDWGGGAETLYF;TRA:CVLITGNTGKLIF,TRB:TGTGCCAGCAGTATTACGGACTGGGGGGGCGGTGCAGAAACGCTGTATTTT;TRA:TGTGTTCTCATAACAGGCAATACCGGAAAACTCATCTTT,,TRB:gene
clonotype537,1,0.0004761904761904762,TRA:CAANYGNEKITF,TRA:TGTGCAGCCAACTATGGAAATGAGAAAATAACTTTT,,
clonotype538,1,0.0004761904761904762,TRA:CAANYGNEKITF,TRA:TGTGCAGCAAACTATGGAAATGAGAAAATAACTTTT,,
clonotype539,1,0.0004761904761904762,TRB:CASGTNTEVFF;TRA:CATDALNYNQGKLIF,TRB:TGTGCCAGCGGAACAAACACAGAAGTCTTCTTT;TRA:TGTGCTACTGATGCCCTGAATTATAACCAGGGGAAGCTTATCTTT,,
clonotype540,1,0.0004761904761904762,TRB:CASSPKETLYF;TRA:CAVSMGDMGYKLTF,TRB:TGTGCCAGCTCCCCGAAAGAAACGCTGTATTTT;TRA:TGTGCTGTGAGCATGGGGGACATGGGCTACAAACTTACCTTC,,
clonotype541,1,0.0004761904761904762,TRB:CASGDPREVFF;TRA:CAMREGGSSGSWQLIF,TRB:TGTGCCAGCGGTGACCCAAGAGAAGTCTTCTTT;TRA:TGTGCTATGAGAGAGGGGGGATCTTCTGGCAGCTGGCAACTCATCTTT,,
clonotype542,1,0.0004761904761904762,TRB:CASLTGGYEQYF;TRA:CAVDHTGKLTF,TRB:TGTGCCAGCCTAACTGGGGGGTATGAACAGTACTTC;TRA:TGCGCAGTCGATCATACAGGCAAATTAACCTTT,,
clonotype543,1,0.0004761904761904762,TRB:CASSLVGREQYF;TRA:CAAFTGSGGKLTL,TRB:TGTGCCAGCTCTCTCGTGGGAAGGGAACAGTACTTC;TRA:TGCGCAGCCTTTACTGGCAGTGGTGGAAAACTCACTTTG,,
clonotype544,1,0.0004761904761904762,TRB:CASSLHNQAPLF;TRA:CAMREGNSNNRIFF,TRB:TGTGCCAGCTCTCTCCACAACCAGGCTCCGCTTTTT;TRA:TGTGCTATGAGAGAGGGAAATAGCAATAACAGAATCTTCTTT,,
clonotype545,1,0.0004761904761904762,TRB:CASGRDNQDTQYF;TRA:CAIDNTGGLSGKLTF;TRA:CALLGYKLTF,TRB:TGTGCCAGCGGCCGGGACAACCAAGACACCCAGTACTTT;TRA:TGTGCTATAGACAATACTGGAGGACTAAGTGGTAAATTAACATTC;TRA:TGTGCTCTTTTGGGCTACAAACTTACCTTC,,
clonotype546,1,0.0004761904761904762,TRB:CASGDWGFYEQYF;TRA:CATNSGGSNYKLTF,TRB:TGTGCCAGCGGTGATTGGGGGTTTTATGAACAGTACTTC;TRA:TGTGCTACGAACAGTGGAGGCAGCAATTACAAACTGACATTT,,
clonotype547,1,0.0004761904761904762,TRB:CASSLEANSDYTF;TRA:CALGDQDSAGNKLTF,TRB:TGTGCCAGCTCTCTCGAAGCAAACTCCGACTACACCTTC;TRA:TGTGCTCTGGGTGATCAGGACAGTGCAGGGAACAAGCTAACTTTT,,
clonotype548,1,0.0004761904761904762,TRB:CASGDVGARDTQYF,TRB:TGTGCCAGCGGTGATGTGGGGGCAAGGGACACCCAGTACTTT,,
clonotype549,1,0.0004761904761904762,TRB:CASGDVGARDTQYF,TRB:TGTGCCAGCGGTGATGTGGGGGCAAGGGACACCCAGTACTTT,,
clonotype550,1,0.0004761904761904762,TRB:CASSLGGNQDTQYF,TRB:TGTGCCAGCTCTCTAGGGGGTAACCAAGACACCCAGTACTTT,,
clonotype551,1,0.0004761904761904762,TRB:CASSLEGGPYEQYF;TRA:CAIDQRGNNAPRF;TRA:CAVGYNQGKLIF,TRB:TGTGCCAGCTCTCTCGAGGGGGGGCCCTATGAACAGTACTTC;TRA:TGTGCTATAGATCAGAGGGGCAACAATGCCCCACGATTT;TRA:TGTGCAGTGGGATATAACCAGGGGAAGCTTATCTTT,,
clonotype552,1,0.0004761904761904762,TRB:CASSLGQGNSDYTF;TRA:CVLRNTNAYKVIF,TRB:TGTGCCAGCTCCCTGGGACAGGGGAACTCCGACTACACCTTC;TRA:TGTGTTTTGAGGAACACAAATGCTTACAAAGTCATCTTT,,
clonotype553,1,0.0004761904761904762,TRB:CASSSGNNNQAPLF;TRA:CALSLGTGGYKVVF,TRB:TGTGCCAGCTCTTCCGGGAATAACAACCAGGCTCCGCTTTTT;TRA:TGTGCTCTGAGCCTCGGGACTGGAGGCTATAAAGTGGTCTTT,,
clonotype554,1,0.0004761904761904762,TRB:CASSPGQGADEQYF;TRA:CAVSYTSSGSWQLIF,TRB:TGTGCCAGCTCCCCGGGACAGGGGGCGGATGAACAGTACTTC;TRA:TGTGCAGTTAGTTATACATCTTCTGGCAGCTGGCAACTCATCTTT,,
clonotype555,1,0.0004761904761904762,TRB:CASGDHIANSDYTF;TRA:CALEGDNNAGAKLTF;TRA:CAMREVSNTNKVVF,TRB:TGTGCCAGCGGTGATCATATTGCAAACTCCGACTACACCTTC;TRA:TGTGCACTGGAGGGGGATAATAATGCAGGTGCCAAGCTCACATTC;TRA:TGTGCTATGAGAGAGGTTTCCAATACCAACAAAGTCGTCTTT,,
clonotype556,1,0.0004761904761904762,TRB:CASSWTDSQNTLYF;TRA:CAMRITGNTGKLIF,TRB:TGTGCCAGCTCTTGGACTGATAGTCAAAACACCTTGTACTTT;TRA:TGTGCTATGAGGATAACAGGCAATACCGGAAAACTCATCTTT,,
clonotype557,1,0.0004761904761904762,TRB:CASGDVGGNTEVFF;TRA:CALSDGYGSSGNKLIF,TRB:TGTGCCAGCGGTGATGTGGGGGGCAACACAGAAGTCTTCTTT;TRA:TGTGCTCTGAGTGATGGATATGGGAGCAGTGGCAACAAGCTCATCTTT,,
clonotype558,1,0.0004761904761904762,TRB:CASSSQGARAEQFF;TRA:CALGGLDTNAYKVIF,TRB:TGTGCCAGCTCTTCCCAGGGGGCGCGGGCTGAGCAGTTCTTC;TRA:TGTGCTCTGGGTGGCCTCGACACAAATGCTTACAAAGTCATCTTT,,
clonotype559,1,0.0004761904761904762,TRB:CASGDAGARAEQFF;TRA:CAATYGNEKITF,TRB:TGTGCCAGCGGTGATGCCGGGGCCCGTGCTGAGCAGTTCTTC;TRA:TGTGCAGCAACTTATGGAAATGAGAAAATAACTTTT,,
clonotype560,1,0.0004761904761904762,TRB:CASGDAGGAAEQFF;TRA:CAANYGNEKITF,TRB:TGTGCCAGCGGTGATGCTGGGGGGGCGGCTGAGCAGTTCTTC;TRA:TGTGCAGCCAACTATGGAAATGAGAAAATAACTTTT,,
clonotype561,1,0.0004761904761904762,TRB:CASSPRLGGYEQYF;TRA:CAASPSSNTNKVVF,TRB:TGTGCCAGCTCTCCGCGACTGGGGGGGTATGAACAGTACTTC;TRA:TGTGCAGCAAGCCCCTCTTCCAATACCAACAAAGTCGTCTTT,,
clonotype562,1,0.0004761904761904762,TRB:CASGDGFSGNTLYF;TRA:CALSPRDTGGLSGKLTF,TRB:TGTGCCAGCGGTGACGGATTTTCTGGAAATACGCTCTATTTT;TRA:TGCGCTCTCTCGCCCAGGGATACTGGAGGACTAAGTGGTAAATTAACATTC,,
clonotype563,1,0.0004761904761904762,TRB:CASSLGGISAETLYF,TRB:TGTGCCAGCTCTCTCGGAGGGATTAGTGCAGAAACGCTGTATTTT,,
clonotype564,1,0.0004761904761904762,TRB:CASSLAGGANSDYTF,TRB:TGTGCCAGCTCTCTCGCAGGGGGCGCAAACTCCGACTACACCTTC,,
clonotype565,1,0.0004761904761904762,TRB:CASGSYWGGADEQYF;TRA:CAANTGNYKYVF;TRA:CAIEGGSSGNKLIF,TRB:TGTGCCAGCGGGTCCTACTGGGGGGGCGCCGATGAACAGTACTTC;TRA:TGTGCAGCAAATACAGGAAACTACAAATACGTCTTT;TRA:TGTGCTATAGAGGGTGGGAGCAGTGGCAACAAGCTCATCTTT,,
clonotype566,1,0.0004761904761904762,TRB:CASSPSGWGQDTQYF;TRA:CALASSGSWQLIF,TRB:TGTGCCAGCTCTCCCTCGGGCTGGGGGCAAGACACCCAGTACTTT;TRA:TGTGCTCTCGCATCTTCTGGCAGCTGGCAACTCATCTTT,,
clonotype567,1,0.0004761904761904762,TRB:CASSPSATSGNTLYF;TRA:CAFNNYAQGLTF,TRB:TGTGCCAGCTCTCCCTCGGCAACTTCTGGAAATACGCTCTATTTT;TRA:TGTGCTTTTAATAACTATGCCCAGGGATTAACCTTC,,
clonotype568,1,0.0004761904761904762,TRB:CASGDLGGNYAEQFF;TRA:CALGGGTGGYKVVF,TRB:TGTGCCAGCGGTGATCTGGGGGGGAACTATGCTGAGCAGTTCTTC;TRA:TGTGCTCTGGGTGGCGGGACTGGAGGCTATAAAGTGGTCTTT,,
clonotype569,1,0.0004761904761904762,TRB:CASSLSQGENSPLYF;TRA:CAVSLASSSFSKLVF,TRB:TGTGCCAGCTCTCTCTCGCAGGGGGAGAATTCGCCCCTCTACTTT;TRA:TGTGCTGTGAGCCTAGCATCCTCCTCCTTCAGCAAGCTGGTGTTT,,
clonotype570,1,0.0004761904761904762,TRB:CASSPPGGDQDTQYF;TRA:CAVSDRGSALGRLHF,TRB:TGTGCCAGCTCCCCTCCGGGGGGCGACCAAGACACCCAGTACTTT;TRA:TGTGCTGTGAGCGATAGAGGTTCAGCCTTAGGGAGGCTGCATTTT,,
clonotype571,1,0.0004761904761904762,TRB:CASSLDTFNYAEQFF;TRA:CALGNTGNYKYVF,TRB:TGTGCCAGCTCTCTCGATACTTTTAACTATGCTGAGCAGTTCTTC;TRA:TGTGCTCTGGGTAATACAGGAAACTACAAATACGTCTTT,,
clonotype572,1,0.0004761904761904762,TRB:CASSPGTGGNSDYTF;TRA:CALRPNNNAGAKLTF,TRB:TGTGCCAGCTCTCCCGGGACAGGGGGAAACTCCGACTACACCTTC;TRA:TGTGCTCTGAGGCCAAATAATAATGCAGGTGCCAAGCTCACATTC,,
clonotype573,1,0.0004761904761904762,TRB:CASSFGSGNYAEQFF;TRA:CALAIDYSNNRLTL,TRB:TGTGCCAGCTCTTTCGGCAGCGGTAACTATGCTGAGCAGTTCTTC;TRA:TGTGCTCTGGCCATCGACTACAGCAACAACAGACTTACTTTG,,
clonotype574,1,0.0004761904761904762,TRB:CASSLGTGGGYAEQFF,TRB:TGTGCCAGCTCTCTCGGGACTGGGGGGGGCTATGCTGAGCAGTTCTTC,,
clonotype575,1,0.0004761904761904762,TRB:CASSPGTGGSAETLYF;TRA:CALSGDSGTYQRF;TRA:CAVSIGTGGYKVVF,TRB:TGTGCCAGCTCTCCCGGGACTGGGGGGAGTGCAGAAACGCTGTATTTT;TRA:TGTGCTCTGAGTGGGGATTCTGGGACTTACCAGAGGTTT;TRA:TGTGCAGTGAGCATAGGGACTGGAGGCTATAAAGTGGTCTTT,,
clonotype576,1,0.0004761904761904762,TRB:CASSLEDWGGQNTLYF;TRA:CAVSATGNTGKLIF;TRA:CAVSNSGGSNAKLTF,TRB:TGTGCCAGCTCTCTCGAGGACTGGGGGGGTCAAAACACCTTGTACTTT;TRA:TGTGCTGTGAGCGCGACAGGCAATACCGGAAAACTCATCTTT;TRA:TGTGCAGTTTCTAATTCTGGAGGAAGCAATGCAAAGCTAACCTTC,,
clonotype577,1,0.0004761904761904762,TRB:CASGDAPDWGLYEQYF;TRA:CALRASSSFSKLVF,TRB:TGTGCCAGCGGTGATGCCCCGGACTGGGGCCTCTATGAACAGTACTTC;TRA:TGTGCTCTGAGGGCATCCTCCTCCTTCAGCAAGCTGGTGTTT,,
clonotype578,1,0.0004761904761904762,TRB:CASGDRTGASAETLYF;TRA:CAMREGHSNNRIFF,TRB:TGTGCCAGCGGTGACCGGACTGGGGCTAGTGCAGAAACGCTGTATTTT;TRA:TGTGCTATGAGAGAGGGCCATAGCAATAACAGAATCTTCTTT,,
clonotype579,1,0.0004761904761904762,TRB:CASGDRDRGHNTEVFF;TRA:CAMREGTNAYKVIF,TRB:TGTGCCAGCGGTGATCGGGACAGGGGGCATAACACAGAAGTCTTCTTT;TRA:TGTGCTATGAGAGAGGGCACAAATGCTTACAAAGTCATCTTT,,
clonotype580,1,0.0004761904761904762,TRB:CASGEEAGGSQNTLYF;TRA:CAADASSGSWQLIF,TRB:TGTGCCAGCGGTGAGGAGGCTGGGGGGAGTCAAAACACCTTGTACTTT;TRA:TGTGCAGCAGACGCATCTTCTGGCAGCTGGCAACTCATCTTT,,
clonotype581,1,0.0004761904761904762,TRB:CASGDAKDWGGYAEQFF,TRB:TGTGCCAGCGGTGATGCAAAGGACTGGGGGGGCTATGCTGAGCAGTTCTTC,,
clonotype582,1,0.0004761904761904762,TRB:CASGDAKDWGGYAEQFF,TRB:TGTGCCAGCGGTGATGCAAAGGACTGGGGGGGCTATGCTGAGCAGTTCTTC,,
clonotype583,1,0.0004761904761904762,TRB:CASSYRDWGNNYAEQFF,TRB:TGTGCCAGCTCTTATCGGGACTGGGGGAATAACTATGCTGAGCAGTTCTTC,,
clonotype584,1,0.0004761904761904762,TRB:CASSLVDWGGAGAETLYF;TRA:CAPGTQVVGQLTF,TRB:TGTGCCAGCTCTCTCGTGGACTGGGGGGGCGCGGGTGCAGAAACGCTGTATTTT;TRA:TGTGCACCGGGGACACAGGTTGTGGGGCAGCTCACTTTC,,
